-- phpMyAdmin SQL Dump
-- version 5.2.1
-- https://www.phpmyadmin.net/
--
-- Host: 127.0.0.1
-- Generation Time: Jun 16, 2025 at 05:50 PM
-- Server version: 10.4.32-MariaDB
-- PHP Version: 8.2.12

SET SQL_MODE = "NO_AUTO_VALUE_ON_ZERO";
START TRANSACTION;
SET time_zone = "+00:00";


/*!40101 SET @OLD_CHARACTER_SET_CLIENT=@@CHARACTER_SET_CLIENT */;
/*!40101 SET @OLD_CHARACTER_SET_RESULTS=@@CHARACTER_SET_RESULTS */;
/*!40101 SET @OLD_COLLATION_CONNECTION=@@COLLATION_CONNECTION */;
/*!40101 SET NAMES utf8mb4 */;

--
-- Database: `klinik_kecantikan`
--

-- --------------------------------------------------------

--
-- Table structure for table `detail_transaksi`
--

CREATE TABLE `detail_transaksi` (
  `id_detail` int(11) NOT NULL,
  `id_transaksi` int(11) NOT NULL,
  `id_produk` int(11) NOT NULL,
  `jumlah` int(11) NOT NULL,
  `harga_satuan` decimal(12,2) NOT NULL,
  `total_harga` decimal(14,2) GENERATED ALWAYS AS (`jumlah` * `harga_satuan`) STORED
) ENGINE=InnoDB DEFAULT CHARSET=utf8mb4 COLLATE=utf8mb4_general_ci;

--
-- Dumping data for table `detail_transaksi`
--

INSERT INTO `detail_transaksi` (`id_detail`, `id_transaksi`, `id_produk`, `jumlah`, `harga_satuan`) VALUES
(1, 6, 7, 2, 46600.00),
(2, 6, 5, 3, 40900.00),
(3, 7, 6, 2, 44300.00);

-- --------------------------------------------------------

--
-- Table structure for table `produk`
--

CREATE TABLE `produk` (
  `id` int(11) NOT NULL,
  `jenis` varchar(50) NOT NULL,
  `nama` varchar(100) NOT NULL,
  `harga` decimal(12,2) NOT NULL,
  `deskripsi` text DEFAULT NULL,
  `gambar` varchar(255) NOT NULL
) ENGINE=InnoDB DEFAULT CHARSET=utf8mb4 COLLATE=utf8mb4_general_ci;

--
-- Dumping data for table `produk`
--

INSERT INTO `produk` (`id`, `jenis`, `nama`, `harga`, `deskripsi`, `gambar`) VALUES
(1, 'Hijab Series', 'L Body Mist Hijab Fruity Fresh', 39800.00, 'Body mist dengan keharuman buah yang dapat menjaga kesegaran tubuh sepanjang hari. Mengandung Natural Deodorizer yang mampu mengurangi bau tak sedap dan Moisturizer alami yang dapat menjaga kelembaban kulit. Keharuman yang dihasilkan dapat bertahan dengan durasi lebih lama dengan teknologi lepas lambat.', 'https://larissa.co.id/upload/product/Body-Mist-hijab-Fruity-Fresh.jpg'),
(2, 'Hijab Series', 'L Body Lotion Hijab Fruity Fresh', 46600.00, 'Body Lotion yang diformulasi khusus untuk menjaga kesehatan kulit dengan kandungan Moisturizer yang dapat melembabkan kulit serta dilengkapi Tabir Surya yang dapat melindungi kulit dari paparan sinar ultraviolet sinar matahari. Diperkaya dengan Vitamin A, B3, E, dan F yang memberikan nutrisi kulit sehingga kulit menjadi sehat. Formula yang ringan menjadikan lotion cepat meresap dan tidak lengket di kulit.', 'https://larissa.co.id/upload/product/Body-Lotion-Hijab-Fruity-Fresh.jpg'),
(3, 'Hijab Series', 'L Body Wash Hijab Fruity Fresh', 46600.00, 'Sabun mandi cair yang sesuai untuk semua jenis kulit dengan kandungan Vitamin B3 yang dapat mencerahkan kulit & Mild Surfactant yang dapat mencegah timbulnya iritasi kulit. Sabun mandi ini memberikan kesegaran, aroma dan rasa fresh di kulit, menghilangkan kotoran serta bekas keringat secara menyeluruh.', 'https://larissa.co.id/upload/product/Body-Wash-Hijab-Fruity-Fresh.jpg'),
(4, 'Hijab Series', 'L Hair Mist Hijab Floral Fresh', 43200.00, 'Body Lotion yang diformulasi khusus untuk menjaga kesehatan kulit dengan kandungan Moisturizer yang dapat melembabkan kulit serta dilengkapi Tabir Surya yang dapat melindungi kulit dari paparan sinar ultraviolet sinar matahari. Diperkaya dengan Vitamin A, B3, E, dan F yang memberikan nutrisi kulit sehingga kulit menjadi sehat. Formula yang ringan menjadikan lotion cepat meresap dan tidak lengket di kulit.', 'https://larissa.co.id/upload/product/Hair-Mist-Hijab-Floral-fresh.jpg'),
(5, 'Hijab Series', 'L Conditioner Hijab Floral Fresh', 40900.00, 'Hair Conditioner yang diformulasi khusus untuk melembutkan dan menjaga kelembaban batang rambut. Mengandung Amaranth Seed Extract yang berfungsi menjaga kekuatan batang rambut dengan memperbaiki struktur batang rambut dan mengurangi kerontokan akibat rambut patah. Rambut menjadi lembut dan mudah dirapikan.', 'https://larissa.co.id/upload/product/Hair-Conditioner-hijab-Floral-Fresh.jpg'),
(6, 'Hijab Series', 'L Shampoo Hijab Floral Fresh', 44300.00, 'Shampoo khusus yang diformulasikan untuk membersihkan dan menyegarkan rambut dan kulit kepala. Mengandung Amino Acid Blend yang dapat menjaga kelembutan rambut, kekuatan batang rambut, serta menjaga kesehatan kulit kepala. Formula yang ringan menyebabkan rambut tidak mudah lepek. Menggunakan bahan Mild Surfactant yang aman dan tidak menyebabkan iritasi pada kulit kepala. Memberikan rasa segar dan dingin pada kulit kepala yang dapat dirasakan secara perlahan setelah pencucian rambut.', 'https://larissa.co.id/upload/product/Shampoo-Hijab-Floral-Fresh.jpg'),
(7, 'Hijab Series', 'L Radiance Night Cream', 46600.00, 'Cream malam yang mengandung Licorice Extract, Kakadu Extract, Vitamin B3, dan Vitamin C yang dapat mencerahkan dan menjadikan wajah terlihat bersinar alami sekaligus mencegah terjadinya penuaan dini . Cream ini juga mengandung Centella Extract, Chamomile Extract, dan Rosemary Extract yang dapat memberikan efek soothing dan anti iritasi. Diperkaya dengan Vitamin E, Vitamin F, dan Natural Oil yang dapat menjaga kesehatan dan kelembaban kulit wajah sepanjang malam, serta memperbaiki struktur kulit.', 'https://larissa.co.id/upload/product/Radiance-night-Cream.jpg'),
(8, 'Hijab Series', 'L Glow Radiance BB Cream', 46600.00, 'BB Cream yang berfungsi sebagai foundation sekaligus krim pagi yang memberikan efek cerah dan glowing seketika pada saat dioleskan. Mengandung Licorice Extract, Kakadu Extract, Vitamin B3, dan Vitamin C yang dapat mencerahkan dan menjadikan wajah terlihat bersinar alami sekaligus mencegah terjadinya penuaan dini akibat polusi baik polusi udara maupun polusi sinar matahari. BB Cream ini juga mengandung Centella Extract, Chamomile Extract, dan Rosemary Extract yang dapat memberikan efek soothing dan anti-iritasi. Diperkaya dengan Vitamin E, Vitamin F, dan Natural Oil yang dapat menjaga kesehatan dan kelembaban kulit wajah serta memperbaiki struktur kulit.', 'https://larissa.co.id/upload/product/Glow-radiance-BB-cream.jpg'),
(9, 'Hijab Series', 'L Sun Cream Daily Protection', 61300.00, 'Cream yang diformulasi khusus untuk tabir surya & perlindungan kulit dari paparan sinar ultraviolet (UV A dan UV B). Mengandung Centella Extract, Chamomile Extract, dan Rosemary Extract yang dapat memberikan efek menenangkan serta antiiritasi dengan mengurangi terjadinya kemerahan akibat paparan sinar matahari. Formulanya yang bersifat waterpoof menjadikan cream ini menempel lebih lama & tak mudah luntur jika terkena air maupun keringat.', 'https://larissa.co.id/upload/product/Sun-Cream-Daily.jpg'),
(10, 'Hijab Series', 'Hijab Series Package', 292600.00, 'Larissa menghadirkan rangkaian produk baru yang terbuat dari bahan alami keharuman buah dan floral. Produk ini tidak hanya diformulasikan untuk hijabers, tetapi bisa digunakan untuk mereka yang non hijabers dan bersifat unisex (bisa dipakai pria dan wanita). Bersertifikan CPKB, BPOM dan Halal MUI. Dalam Paket ini terdapat 9 produk Hijab Series.', 'https://larissa.co.id/upload/product/All-hijab-series.jpg'),
(11, 'Silver Series', 'Silver Series Rejuvenation Day Cream', 120000.00, 'Mengandung Collagen dan Elastin untuk menjaga keelastisan kulit dan kekencangan kulit wajah serta Soya Bean Extract yang dapat melembabkan kulit. Mengandung tabir surya untuk melindungi kulit dari bahaya sinar ultraviolet matahari.', 'https://larissa.co.id/upload/product/ss_rejudaycream1.jpg'),
(12, 'Silver Series', 'Silver Series Rejuvenation Night Cream', 120000.00, 'Mengandung Collagen dan Elastin untuk menjaga kelastisan kulit dan kekencangan kulit wajah serta Soya Bean Extract yang dapat melembabkan kulit.', 'https://larissa.co.id/upload/product/ss_rejunightcream1.jpg'),
(13, 'Silver Series', 'Silver Series Rejuvenation Facial Peeling', 65000.00, 'Peeling alami dengan butiran scrub secara alami dari Complex Marine Brown Seaweeds-Cellulose yang dapat mengangkat kotoran dari pori-pori serta sel kulit mati. Mengandung Red Alga Extract yang menjadikan kulit lembab.', 'https://larissa.co.id/upload/product/ss_rejufacialpeel1.jpg'),
(14, 'Silver Series', 'Silver Series Rejuvenation Facial Cleanser', 70000.00, 'Mengandung Olive Oil dan Shea Butter yang menjadikan kulit lembab dan tidak kering serta mencegah dehidrasi kulit.', 'https://larissa.co.id/upload/product/ss_rejufacialclean1.jpg'),
(15, 'Silver Series', 'Silver Series Rejuvenation Facial Toner', 75000.00, 'Penyegar lembut untuk mengangkat kotoran dan sel kulit mati. Mengandung Witch Hazel Extract yang memberikan kesegaran alami pada kulit.', 'https://larissa.co.id/upload/product/ss_rejufacton1.jpg'),
(16, 'Silver Series', 'Silver Series Rejuvenation Facial Wash', 80000.00, 'Sabun wajah yang lembut berfungsi untuk mengangkat kotoran serta sisa tata rias dan kelebihan minyak di wajah. Diperkaya dengan Amino Acid Complex yang mampu menjaga kelembaban kulit wajah.', 'https://larissa.co.id/upload/product/ss_rejufacwash1.jpg'),
(17, 'Silver Series', 'Silver Series Rejuvenation Package', 470000.00, 'Larissa menghadirkan rangkaian produk yang diformulasikan khusus untuk melawan tanda-tanda penuaan dini pada kulit. Produk ini mengandung Soya Bean Extract. Dalam Paket ini terdapat 6 produk Silver Series.', 'https://larissa.co.id/upload/product/10015rejuvsilver.jpg'),
(18, 'Acne Silver Series', 'Acne Silver Series Day Cream', 120000.00, 'Cream mengandung Triclosan untuk melawan bakteri penyebab jerawat dan Soybean Extract yang mampu mengontrol minyak pada wajah.', 'https://larissa.co.id/upload/product/ss_acnedaycream1.jpg'),
(19, 'Acne Silver Series', 'Acne Silver Series Night Cream', 120000.00, 'Cream untuk memelihara keremajaan kulit wajah. Mengandung Collagen dan Elastin untuk menjaga elastisitas dan kekencangan kulit wajah serta Soybean Extract yang dapat melembabkan kulit.', 'https://larissa.co.id/upload/product/ss_acnenightcream1.jpg'),
(20, 'Acne Silver Series', 'Acne Silver Series Facial Wash', 80000.00, 'Facial Wash yang lembut, mengangkat kotoran, sisa tata rias, dan kelebihan minyak pada wajah.', 'https://larissa.co.id/upload/product/ss_acnefacwash1.jpg'),
(21, 'Acne Silver Series', 'Acne Silver Series Facial Cleanser 2 in 1', 80000.00, 'Pembersih sekaligus penyegar yang praktis dan mudah digunakan untuk membersihkan kotoran dan sisa tata rias wajah.', 'https://larissa.co.id/upload/product/ss_acnefacclean1.jpg'),
(22, 'Acne Silver Series', 'Acne Silver Series Facial Peeling', 70000.00, 'Peeling dengan butiran scrub alami dari Complex Marine Brown Seaweeds-Cellulose yang dapat mengangkat kotoran dari pori-pori dan mengangkat sel kulit mati.', 'https://larissa.co.id/upload/product/ss_acnefacialpeel1.jpg'),
(23, 'Acne Silver Series', 'Acne Silver Series Package', 410000.00, 'Larissa menghadirkan rangkaian produk yang diformulasikan khusus untuk melawan serta merawat kulit berjerawat. Dalam Paket ini terdapat 5 produk Acne Silver Series.', 'https://larissa.co.id/upload/product/10014acnesilver.jpg'),
(24, 'Sakura Brightening Series', 'Sakura Brightening Series Facial Cleanser', 35000.00, 'Pembersih wajah yang membantu mengangkat kotoran dan sisa tata rias pada wajah tanpa membuat kulit menjadi kering. Mengandung Sakura Extract untuk mencerahkan alami, Olive Oil untuk melembutkan, dan Vitamin E sebagai antioksidan.', 'https://larissa.co.id/upload/product/SAKURA_F_CLEANER.png'),
(25, 'Sakura Brightening Series', 'Sakura Brightening Series Facial Wash', 40000.00, 'Sabun pencuci muka untuk mengangkat kotoran dan sisa tata rias. Mengandung Ekstrak Bunga Sakura dan Bellis Perennis Flower (bunga daisy) sebagai pencerah alami, serta Olive Oil sebagai pelembab alami kulit.', 'https://larissa.co.id/upload/product/SAKURA_F_WASH.png'),
(26, 'Sakura Brightening Series', 'Sakura Brightening Series Facial Toner', 50000.00, 'Toner untuk menyegarkan kulit dan mengecilkan pori-pori. Mengandung Ekstrak Bunga Sakura, Ekstrak Bellis Perennis Flower (bunga daisy), dan Vitamin C sebagai pencerah alami.', 'https://larissa.co.id/upload/product/SAKURA_F_TONER.png'),
(27, 'Sakura Brightening Series', 'Sakura Brightening Series Facial Peeling', 55000.00, 'Peeling dengan butiran scrub alami dari biji aprikot. Efektif mengangkat kotoran, membersihkan pori-pori, dan mengangkat sel kulit mati.', 'https://larissa.co.id/upload/product/SAKURA_F_PEELING.png'),
(28, 'Sakura Brightening Series', 'Sakura Brightening Series Day Cream', 55000.00, 'Cream pagi untuk kulit normal-kering. Mengandung Ekstrak Bunga Sakura dan Saccharide Isomerate (karbohidrat organik) sebagai pencerah alami. Mengandung SPF untuk melindungi dari sinar UV.', 'https://larissa.co.id/upload/product/SAKURA_DAY_CREAM.png'),
(29, 'Sakura Brightening Series', 'Sakura Brightening Series Night Cream', 55000.00, 'Cream malam untuk kulit normal-kering. Mengandung Ekstrak Bunga Sakura, Peptides, dan Ekstrak Prunus Domestica (Buah Plum) sebagai pencerah alami dan untuk meningkatkan kolagen agar kulit tetap kenyal.', 'https://larissa.co.id/upload/product/SAKURA_NIGHT_CREAM.png'),
(30, 'Sakura Brightening Series', 'Sakura Brightening Series Package', 232000.00, 'Larissa menghadirkan rangkaian produk yang diformulasikan khusus untuk mencerahkan serta melembabkan kulit wajah. Dalam Paket ini terdapat 6 produk Sakura Brightening Series.', 'https://larissa.co.id/upload/product/SAKURA.jpg'),
(31, 'Honey Bee Venom Acne Therapy Series', 'Honey Bee Venom Acne Therapy Series Facial Cleanser', 30000.00, 'Pembersih wajah yang membantu mengangkat kotoran dan sisa tata rias tanpa membuat kulit menjadi kering. Berfungsi mengontrol minyak penyebab jerawat, mencegah inflamasi, dan mengandung Vitamin C untuk mencerahkan kulit.', 'https://larissa.co.id/upload/product/HONEY_F_CLEANSER.png'),
(32, 'Honey Bee Venom Acne Therapy Series', 'Honey Bee Venom Acne Therapy Series Facial Wash', 30000.00, 'Sabun pencuci muka yang berguna untuk mengangkat kotoran dan sisa tata rias. Mencegah inflamasi dan mengandung Vitamin B5 untuk melindungi kulit dari bakteri penyebab jerawat.', 'https://larissa.co.id/upload/product/HONEY_F_WASH.png'),
(33, 'Honey Bee Venom Acne Therapy Series', 'Honey Bee Venom Acne Therapy Series Facial Toner', 30000.00, 'Toner untuk menyegarkan kulit dan mengecilkan pori-pori. Mengandung ekstrak Witch Hazel dan Wound Extract yang cocok untuk kulit normal-berminyak. Berfungsi sebagai anti-irritant, anti-acne, dan membantu regenerasi kulit.', 'https://larissa.co.id/upload/product/HONEY_F_TONER.png'),
(34, 'Honey Bee Venom Acne Therapy Series', 'Honey Bee Venom Acne Therapy Series Day Cream', 48000.00, 'Cream pagi untuk kulit normal-berminyak. Mengandung Honey Bee Venom sebagai anti-inflamasi dan pencegah jerawat, serta Centella Asiatica Extract (Pegagan) untuk perbaikan sel kulit rusak. Mengandung SPF untuk perlindungan dari sinar UV.', 'https://larissa.co.id/upload/product/HONEY_DAY_CREAM.png'),
(35, 'Honey Bee Venom Acne Therapy Series', 'Honey Bee Venom Acne Therapy Series Night Cream', 48000.00, 'Cream malam untuk kulit normal-berminyak. Mengandung Honey Bee Venom untuk mencerahkan, mencegah jerawat, dan anti-inflamasi, serta Centella Asiatica Extract untuk perbaikan sel kulit rusak.', 'https://larissa.co.id/upload/product/HONEY_NIGHT_CREAM.png'),
(36, 'Honey Bee Venom Acne Therapy Series', 'Honey Bee Venom Acne Therapy Series Package', 172000.00, 'Larissa menghadirkan rangkaian produk yang diformulasikan khusus untuk mengatasi jerawat dan bekas jerawat. Dalam paket ini terdapat 5 produk Honey Bee Venom Acne Therapy Series.', 'https://larissa.co.id/upload/product/HONEYBEEVENOM.jpg'),
(37, 'Rice Bran Series', 'Day Cream', 48000.00, 'Cream pagi untuk kulit kering yang mengandung Rice Bran Oil dan Olive Leaf Extract sebagai pelembab alami dan anti-aging. Mengandung Jujube Seed Extract untuk melindungi kulit dari bakteri, serta SPF untuk perlindungan terhadap sinar UV.', 'https://larissa.co.id/upload/product/RICE_BRAND_DAY.png'),
(38, 'Rice Bran Series', 'Night Cream', 48000.00, 'Cream malam untuk kulit kering yang mengandung Rice Bran Oil dan Olive Leaf Extract sebagai pelembab alami dan anti-aging, serta Jujube Seed Extract sebagai pelindung dari bakteri.', 'https://larissa.co.id/upload/product/RICE_BRAND_NIGHT.png'),
(39, 'Rice Bran Series', '2 In 1 Facial Cleanser', 40000.00, 'Pembersih wajah yang mengangkat kotoran dan sisa tata rias tanpa membuat kulit kering. Mengandung Rice Bran Oil dan Elastin sebagai pelembab dan anti-aging, serta Collagen untuk perlindungan kulit dari bakteri.', 'https://larissa.co.id/upload/product/RICE_BRAND_F_CLEANSER.png'),
(40, 'Rice Bran Series', 'Facial Wash', 35000.00, 'Sabun cuci muka untuk mengangkat kotoran dan sisa tata rias. Mengandung Rice Bran Oil dan Elastin sebagai pelembab dan anti-aging, serta Collagen untuk menjaga elastisitas dan melindungi kulit dari bakteri.', 'https://larissa.co.id/upload/product/RICE_BRAND_F_WASH.png'),
(41, 'Rice Bran Series', 'Rice Bran Series Package', 160000.00, 'Larissa menghadirkan rangkaian produk yang diformulasikan khusus untuk melembabkan wajah sekaligus sebagai anti-aging. Dalam paket ini terdapat 4 produk Rice Bran Series.', 'https://larissa.co.id/upload/product/RICEBRAN.jpg'),
(42, 'New Green Tea Acne Control Series', 'Facial Cleanser', 30000.00, 'Pembersih wajah yang mengandung Green Tea Extract sebagai pengontrol minyak berlebih dan anti-acne, Chamomile Extract sebagai pencerah, serta Vitamin E sebagai antioksidan.', 'https://larissa.co.id/upload/product/GREEN_TEA_F_CLEANSER.png'),
(43, 'New Green Tea Acne Control Series', 'Facial Wash', 30000.00, 'Sabun pencuci muka yang mengandung Green Tea Extract untuk melindungi kulit dari bakteri penyebab jerawat, mengandung antioksidan, Salicylic Acid untuk pengangkatan sel kulit mati, dan Vitamin B5.', 'https://larissa.co.id/upload/product/GREEN_TEA_F_WASH.png'),
(44, 'New Green Tea Acne Control Series', 'Facial Peeling', 30000.00, 'Scrub wajah yang mengandung Green Tea Extract untuk mencegah jerawat dan Chamomile Extract untuk menenangkan kulit.', 'https://larissa.co.id/upload/product/GREEN_TEA_F_PEELING.png'),
(45, 'New Green Tea Acne Control Series', 'Facial Toner', 30000.00, 'Toner yang mengandung Green Tea Extract, Salicylic Acid, dan Witch Hazel Extract. Cocok untuk kulit normal-berminyak, berfungsi sebagai anti-irritant, anti-acne, dan membantu regenerasi kulit.', 'https://larissa.co.id/upload/product/GREEN_TEA_F_TONER.png'),
(46, 'New Green Tea Acne Control Series', 'Day Cream', 48000.00, 'Cream pagi yang mengandung Green Tea Extract, Salicylic Acid untuk anti jerawat dan anti inflamasi, Chamomile Extract untuk menenangkan serta perbaikan sel kulit, dan SPF untuk perlindungan UV.', 'https://larissa.co.id/upload/product/GREEN_TEA_DAY.png'),
(47, 'New Green Tea Acne Control Series', 'Night Cream', 48000.00, 'Cream malam yang mengandung Green Tea Extract, Barbadensis Leaf Juice, Papain Enzyme untuk mencerahkan dan mengangkat sel kulit mati, serta Vitamin E dan B sebagai antioksidan.', 'https://larissa.co.id/upload/product/GREEN_TEA_NIGHT.png'),
(48, 'New Green Tea Acne Control Series', 'New Green Tea Acne Control Series Package', 200000.00, 'Larissa menghadirkan rangkaian produk yang diformulasikan khusus untuk mencegah timbulnya jerawat. Dalam paket ini terdapat 6 produk New Green Tea Acne Control Series.', 'https://larissa.co.id/upload/product/paket/GREENTEA.jpg'),
(49, 'Hair Product Tea Tree', 'Shampoo Tea Tree', 40000.00, 'Shampoo khusus untuk rambut berminyak dan berketombe, mengandung tea tree extract dan triclosan untuk membantu mengurangi ketombe, membersihkan kulit kepala, dan menjaga kesehatan rambut.', 'https://larissa.co.id/upload/product/sh_spateatree1.jpg'),
(50, 'Hair Product Tea Tree', 'Hair Tonic Tea Tree', 20000.00, 'Hair tonic untuk perawatan kulit kepala berminyak, membantu mencegah ketombe dan menjaga rambut tetap sehat berkat tea tree extract dan triclosan yang bersifat antiseptik dan antibakteri.', 'https://larissa.co.id/upload/product/ht_spateatree1.jpg'),
(51, 'Hair Product Tea Tree', 'Conditioner Tea Tree', 30000.00, 'Conditioner ringan yang membantu menenangkan kulit kepala berketombe dan mengurangi minyak berlebih, dengan kandungan tea tree extract dan triclosan. Rambut terasa lembut tanpa lepek.', 'https://larissa.co.id/upload/product/co_spateatree1.jpg'),
(52, 'Hair Product Tea Tree', 'Hair Product Tea Tree Package', 71000.00, 'Larissa menghadirkan rangkaian produk yang diformulasikan khusus untuk rambut berminyak dan berketombe. Mengandung ekstrak tea tree (antiseptik, antibakteri, dan antifungal) dan triclosan untuk membantu mengurangi ketombe, merawat kulit kepala, dan menjaga kesehatan rambut.', 'https://larissa.co.id/upload/product/paket/10009_mini.png'),
(53, 'Hair Product Ginseng', 'Shampoo Ginseng', 40000.00, 'Shampoo yang diformulasikan untuk melindungi rambut, menjaga kelembapan, serta merawat kemilau dan kesehatan rambut. Diperkaya dengan ekstrak ginseng yang membantu membersihkan rambut dan kulit kepala secara menyeluruh.', 'https://larissa.co.id/upload/product/sh_spagin1.jpg'),
(54, 'Hair Product Ginseng', 'Hair Tonic Ginseng', 20000.00, 'Hair tonic dengan kandungan ekstrak ginseng yang memberikan nutrisi pada kulit kepala, membantu menjaga kesehatan akar rambut, serta mendukung pertumbuhan rambut yang lebih kuat dan sehat.', 'https://larissa.co.id/upload/product/ht_spagin1.jpg'),
(55, 'Hair Product Ginseng', 'Conditioner Ginseng', 30000.00, 'Conditioner dengan formula lembut yang membantu menjaga kelembapan, melembutkan rambut, dan mempertahankan kilau sehat. Kandungan ekstrak ginseng mendukung perawatan rambut agar tetap kuat, halus, dan mudah diatur.', 'https://larissa.co.id/upload/product/co_spagin1.jpg'),
(56, 'Hair Product Ginseng', 'Hair Product Ginseng Package', 71000.00, 'Larissa menghadirkan rangkaian produk yang diformulasikan khusus untuk melindungi rambut, menjaga kelembapan, serta merawat kemilau dan kesehatan rambut. Spa Ginseng membersihkan rambut dan kulit kepala, Hair Tonic Spa Ginseng memberikan nutrisi pada kulit kepala.', 'https://larissa.co.id/upload/product/paket/10008_mini.png'),
(57, 'Hair Product Collagen', 'Shampoo Collagen', 40000.00, 'Shampoo dengan collagen dan protein complex yang membantu memperbaiki struktur rambut rusak dan menjaga kelembapan. Dilengkapi allantoin untuk melindungi kulit kepala dan panthenol untuk hasil rambut yang lebih lembut dan sehat.', 'https://larissa.co.id/upload/product/sh_spacol1.jpg'),
(58, 'Hair Product Collagen', 'Hair Tonic Collagen', 20000.00, 'Hair tonic yang memberikan nutrisi intensif pada kulit kepala, membantu memperkuat akar rambut dan merawat kulit kepala dengan allantoin. Diperkaya collagen dan protein complex untuk menunjang perbaikan rambut rusak secara optimal.', 'https://larissa.co.id/upload/product/ht_spacol1.jpg'),
(59, 'Hair Product Collagen', 'Conditioner Collagen', 30000.00, 'Conditioner khusus untuk rambut kering dan rusak, membantu melembapkan dan menghaluskan rambut. Kombinasi collagen, protein complex, panthenol, dan allantoin menjaga kekuatan dan kelembutan rambut dari akar hingga ujung.', 'https://larissa.co.id/upload/product/co_spacol1.jpg'),
(60, 'Hair Product Collagen', 'Hair Product Collagen Package', 71000.00, 'Larissa menghadirkan rangkaian produk yang diformulasikan khusus untuk memberikan nutrisi pada kulit kepala. Rangkaian produk ini mengandung collagen dan protein complex untuk memperbaiki struktur rambut yang rusak dan menjaga kelembabannya, allantoin untuk melindungi kulit kepala, serta panthenol untuk melembutkan rambut. Untuk rambut kering-rusak.', 'https://larissa.co.id/upload/product/paket/10007_mini.png'),
(61, 'Face Product Tea Tree', 'Facial Foam Tea Tree', 20000.00, 'Pembersih wajah yang lembut untuk kulit berminyak dan berjerawat, membantu mengangkat kotoran dan minyak berlebih tanpa membuat kulit kering. Mengandung tea tree extract yang dikenal memiliki sifat antibakteri untuk membantu merawat kulit berjerawat.', 'https://larissa.co.id/upload/product/ff_teatree1.jpg'),
(62, 'Face Product Tea Tree', 'Face Tonic Tea Tree', 20000.00, 'Toner penyegar wajah yang membantu menyeimbangkan pH kulit, menyegarkan, dan mengurangi tampilan minyak berlebih. Diperkaya tea tree extract untuk membantu meredakan jerawat dan mencegah iritasi.', 'https://larissa.co.id/upload/product/ft_teatree1.jpg'),
(63, 'Face Product Tea Tree', 'Milk Cleanser Tea Tree', 20000.00, 'Pembersih wajah berbahan dasar susu yang efektif menghapus kotoran dan sisa makeup, sekaligus membantu mengontrol minyak berlebih dan merawat kulit berjerawat dengan kandungan tea tree extract.', 'https://larissa.co.id/upload/product/mc_teatree1.jpg'),
(64, 'Face Product Tea Tree', 'Face Product Tea Tree Package', 55000.00, 'Larissa menghadirkan rangkaian produk yang diformulasikan khusus untuk kulit berjerawat dan berminyak. Dalam paket ini terdapat 3 produk Face Product Tea Tree.', 'https://larissa.co.id/upload/product/paket/10006_mini.png'),
(65, 'Face Product Chamomile', 'Facial Foam Chamomile', 30000.00, 'Pembersih wajah dengan formula lembut yang cocok untuk kulit sensitif, membantu membersihkan wajah dari kotoran tanpa menyebabkan iritasi. Diperkaya ekstrak chamomile untuk menenangkan dan menjaga kenyamanan kulit.', 'https://larissa.co.id/upload/product/ff_cham1.jpg'),
(66, 'Face Product Chamomile', 'Milk Cleanser Chamomile', 30000.00, 'Pembersih wajah yang efektif mengangkat kotoran dan makeup, dengan tekstur lembut yang aman untuk kulit sensitif. Kandungan chamomile membantu menenangkan kulit dan mengurangi risiko kemerahan atau iritasi.', 'https://larissa.co.id/upload/product/mc_cham1.jpg'),
(67, 'Face Product Chamomile', 'Face Tonic Chamomile', 20000.00, 'Toner yang diformulasikan untuk menyegarkan dan menenangkan kulit sensitif, serta membantu menjaga keseimbangan pH kulit. Ekstrak chamomile membantu meredakan kemerahan dan memberi rasa nyaman setelah pembersihan wajah.', 'https://larissa.co.id/upload/product/ft_cham1.jpg'),
(68, 'Face Product Chamomile', 'Face Product Chamomile Package', 73000.00, 'Larissa menghadirkan rangkaian produk yang diformulasikan khusus untuk kulit sensitif. Dalam Paket ini terdapat 3 produk Face Product Chamomile.', 'https://larissa.co.id/upload/product/paket/10005_mini.png'),
(69, 'Face Product Apple', 'Face Tonic Apple', 20000.00, 'Toner penyegar wajah yang berguna untuk menyegarkan kulit dan meringkaskan pori, mengurangi kelebihan minyak pada wajah. Mengandung ekstrak apel yang bermanfaat sebagai antioksidan yang baik untuk melindungi kulit dari radikal bebas, witch hazel extract untuk menyegarkan dan meringkaskan pori, dan allantoin untuk membantu regenerasi kulit. Cocok digunakan untuk kulit normal.', 'https://larissa.co.id/upload/product/ft_apple1.jpg'),
(70, 'Face Product Apple', 'Milk Cleanser Apple', 20000.00, 'Pembersih wajah berbahan dasar susu yang berguna untuk membantu mengangkat kotoran dan sisa tata rias pada wajah. Mengandung ekstrak apel yang bermanfaat sebagai antioksidan yang baik untuk melindungi kulit dari radikal bebas, triclosan sebagai antibakteri, dan allantoin untuk membantu regenerasi kulit. Cocok digunakan untuk kulit normal.', 'https://larissa.co.id/upload/product/mc_apple1.jpg'),
(71, 'Face Product Apple', 'Facial Foam Apple', 15000.00, 'Pembersih wajah yang berguna untuk mengangkat kotoran, sisa tata rias, dan kelebihan minyak pada wajah. Mengandung ekstrak apel yang bermanfaat sebagai antioksidan yang baik untuk melindungi kulit dari radikal bebas. Facial Foam Apple cocok untuk kulit normal.', 'https://larissa.co.id/upload/product/facial_foam_apple.jpg'),
(72, 'Face Product Apple', 'Face Product Apple Package', 50000.00, 'Larissa menghadirkan rangkaian produk yang diformulasikan khusus untuk mencerahkan, melembutkan serta mengurangi minyak pada wajah. Dalam Paket ini terdapat 3 produk Face Product Apple.', 'https://larissa.co.id/upload/product/paket/10004_mini.png'),
(73, 'Face Product Green Tea', 'Milk Cleanser Green Tea', 20000.00, 'Pembersih wajah berbahan dasar susu yang berguna untuk membantu mengangkat kotoran dan sisa tata rias pada wajah. Mengandung ekstrak green tea yang bermanfaat sebagai antiseptik dan antioksidan, panthenol dan tocopherol untuk merawat kesehatan kulit, dan allantoin untuk membantu regenerasi kulit. Cocok digunakan untuk semua jenis kulit.', 'https://larissa.co.id/upload/product/mc_greentea1.jpg'),
(74, 'Face Product Green Tea', 'Face Tonic Green Tea', 20000.00, 'Toner penyegar wajah berguna untuk menyegarkan kulit dan meringkaskan pori, mengurangi kelebihan minyak pada wajah. Mengandung ekstrak green tea yang bermanfaat sebagai antiseptik dan antioksidan, panthenol untuk melembutkan, dan allantoin untuk membantu regenerasi kulit. Cocok digunakan untuk semua jenis kulit.', 'https://larissa.co.id/upload/product/ft_greentea1.jpg'),
(75, 'Face Product Green Tea', 'Facial Foam Green Tea', 20000.00, 'Pembersih wajah yang berguna untuk mengangkat kotoran, sisa tata rias, dan kelebihan minyak pada wajah. Mengandung ekstrak green tea yang bermanfaat sebagai antiseptik dan antioksidan untuk menjaga kesehatan kulit. Facial Foam Green Tea cocok untuk semua jenis kulit.', 'https://larissa.co.id/upload/product/ff_greentea1.jpg'),
(76, 'Face Product Green Tea', 'Face Product Green Tea Package', 55000.00, 'Larissa menghadirkan rangkaian produk yang diformulasikan khusus untuk mengoksidasi kulit, mencegah, menyembuhkan serta mengurangi jerawat pada wajah. Dalam Paket ini terdapat 3 produk Face Product Green Tea.', 'https://larissa.co.id/upload/product/paket/10003_mini.png'),
(77, 'Body Product Peach', 'Body Lotion Peach', 30000.00, 'Lotion tubuh dengan tekstur ringan yang cepat meresap, memberikan kelembapan tahan lama dan membantu mencerahkan kulit. Mengandung ekstrak peach yang menutrisi kulit agar tampak lebih sehat dan bercahaya.', 'https://larissa.co.id/upload/product/bl_peach1.jpg'),
(78, 'Body Product Peach', 'Body Wash Peach', 30000.00, 'Sabun mandi dengan aroma segar buah peach, membersihkan kulit secara menyeluruh sekaligus membantu melembapkan dan mencerahkan kulit. Cocok untuk kulit normal, menjadikan kulit terasa bersih, lembut, dan segar sepanjang hari.', 'https://larissa.co.id/upload/product/bw_peach1.jpg'),
(79, 'Body Product Peach', 'Body Scrub Peach', 30000.00, 'Scrub tubuh dengan butiran halus yang membantu mengangkat sel kulit mati, menjadikan kulit lebih halus, cerah, dan lembut. Diperkaya dengan ekstrak peach yang memberi kelembapan alami dan cocok digunakan untuk perawatan kulit normal.', 'https://larissa.co.id/upload/product/bs_revit1.jpg'),
(80, 'Body Product Peach', 'Body Product Peach Package', 85000.00, 'Larissa menghadirkan rangkaian produk yang diformulasikan khusus untuk melembabkan dan mencerahkan kulit yang cocok digunakan untuk kulit normal. Dalam Paket ini terdapat 3 produk Body Product Peach.', 'https://larissa.co.id/upload/product/paket/10002_mini.png'),
(81, 'Body Product Lavender', 'Body Wash Lavender', 30000.00, 'Sabun mandi dengan aroma menenangkan lavender, membersihkan kulit dengan lembut sekaligus membantu melembapkan dan menutrisi kulit kering. Menjadikan kulit terasa segar, lembut, dan lebih cerah.', 'https://larissa.co.id/upload/product/bw_lavender1.jpg'),
(82, 'Body Product Lavender', 'Body Lotion Lavender', 30000.00, 'Lotion dengan tekstur rich namun cepat meresap, membantu melembapkan intensif, menutrisi, dan mencerahkan kulit kering. Kandungan lavender membantu menenangkan kulit serta menjadikannya terasa halus dan sehat bercahaya.', 'https://larissa.co.id/upload/product/bl_lavender1.jpg'),
(83, 'Body Product Lavender', 'Body Scrub Lavender', 30000.00, 'Scrub tubuh dengan butiran lembut yang efektif mengangkat sel kulit mati dan membantu mencerahkan kulit. Diperkaya ekstrak lavender untuk memberikan kelembapan dan nutrisi ekstra bagi kulit kering.', 'https://larissa.co.id/upload/product/bs_relax1.jpg'),
(84, 'Body Product Lavender', 'Body Product Lavender Package', 85000.00, 'Larissa menghadirkan rangkaian produk yang diformulasikan khusus untuk melembabkan, menutrisi dan mencerahkan kulit yang cocok digunakan untuk kulit kering. Dalam Paket ini terdapat 3 produk Body Product Lavender.', 'https://larissa.co.id/upload/product/paket/10001_mini.png');

-- --------------------------------------------------------

--
-- Table structure for table `reservasi`
--

CREATE TABLE `reservasi` (
  `id_reservasi` int(11) NOT NULL,
  `nama_pelanggan` varchar(100) NOT NULL,
  `no_hp` varchar(20) DEFAULT NULL,
  `tanggal_reservasi` date NOT NULL,
  `jam_reservasi` time NOT NULL,
  `id_tipe_treatment` int(11) NOT NULL,
  `catatan` text DEFAULT NULL,
  `status` enum('menunggu','dikonfirmasi','selesai','batal') DEFAULT 'menunggu'
) ENGINE=InnoDB DEFAULT CHARSET=utf8mb4 COLLATE=utf8mb4_general_ci;

--
-- Dumping data for table `reservasi`
--

INSERT INTO `reservasi` (`id_reservasi`, `nama_pelanggan`, `no_hp`, `tanggal_reservasi`, `jam_reservasi`, `id_tipe_treatment`, `catatan`, `status`) VALUES
(1, 'coba', '085473626235', '2025-06-05', '17:17:00', 5, 'mantap', 'menunggu');

-- --------------------------------------------------------

--
-- Table structure for table `tipe_treatment`
--

CREATE TABLE `tipe_treatment` (
  `id_tipe_treatment` int(11) NOT NULL,
  `kode_treatment` varchar(10) DEFAULT NULL,
  `nama_tipe` varchar(100) NOT NULL,
  `harga` int(11) NOT NULL,
  `deskripsi` text DEFAULT NULL
) ENGINE=InnoDB DEFAULT CHARSET=utf8mb4 COLLATE=utf8mb4_general_ci;

--
-- Dumping data for table `tipe_treatment`
--

INSERT INTO `tipe_treatment` (`id_tipe_treatment`, `kode_treatment`, `nama_tipe`, `harga`, `deskripsi`) VALUES
(1, 'FT-1', 'Strawberry Exfoliating Facial', 115000, 'Strawberry Exfoliating Facial Perawatan wajah yang diracik dari buah strawberry segar. Buah strawberry memiliki kandungan antioksidan yang sangat tinggi dibanding kelompok berry lainnya dan bermanfaat mencerahkan, mengurangi noda bekas jerawat dan membantu mengecilkan pori di wajah. Cocok untuk kulit normal, dan kulit kombinasi'),
(2, 'FT-1', 'Blueberry Antioxidant Facial', 115000, 'Blueberry Antioxidant Facial Perawatan wajah yang diracik dari buah Blueberry segar yang kaya akan antioksidan dan bermanfaat mencerahkan, memperbaiki masalah kulit akibat sinar matahari, dan menjaga kestabilan kolagen di kulit wajah. Cocok untuk kulit normal, dan kulit kombinasi'),
(3, 'FT-1', 'Apple Purifying Facial', 115000, 'Apple Purifying Facial Perawatan wajah yang diracik dari buah Apel segar. Apel mengandung Alpha Hydroxy Acid (AHA) dan kaya akan Magnesium, Vitamin A, B, C. Dan membantu meremajan kulit sehingga terlihat awet muda. Cocok untuk kulit normal dan kulit kombinasi.'),
(4, 'FT-1', 'Peach Brightening Facial', 115000, 'Peach Brightening Facial Perawatan wajah yang diracik dari buah Persik segar (peach) yang kaya akan vitamin C dan membantu mencerahkan serta mengurangi noda hitam bekas jerawat. Cocok untuk kulit berminyak.'),
(5, 'FT-1', 'Orange Revitalizing Facial', 115000, 'Orange Revitalizing Facial Perawatan wajah yang diracik dari buah Jeruk segar, kaya vitamin C, membantu mencerahkan, mengontrol kelebihan minyak dan membantu mengecilkan pori di wajah. Cocok untuk kulit berminyak'),
(6, 'FT-1', 'Carrot-Papaya Rejuvenating Facial', 115000, 'Carrot-Papaya Rejuvenating Facial Perawatan wajah yang diracik dari buah Wortel dan Pepaya asli, kaya vitamin A yang membantu meremajakan, menjaga kekenyalan dan elastisitas kulit, meregenerasi sel kulit mati sehingga kulit menjadi lebih lembut. Cocok untuk kulit normal, kering dan berminyak.'),
(7, 'FT-1', 'Avocado Deep Moisturizing Facial', 115000, 'Avocado Deep Moisturizing Facial Perawatan wajah yang diformulasikan dari buah Alpukat asli, kaya akan lemak alami, asam amino, dan omega 3 yang membantu melembapkan kulit kering, menjaga kekenyalan dan elastisitas kulit, serta mencegah penuaan dini. Diperkaya dengan vitamin A, B, C, dan E serta mineral penting seperti kalium, fosfor, dan zat besi yang menutrisi dan menyehatkan kulit. Membantu menghaluskan, melembutkan, dan melindungi kulit dari radikal bebas. Cocok untuk kulit normal dan kering.'),
(8, 'FT-1', 'Banana Nourishing Facial', 115000, 'Banana Nourishing Facial Perawatan wajah yang diformulasikan dari buah Pisang asli, kaya akan vitamin A, C, E, dan B kompleks serta mineral seperti potassium, kalsium, dan fosfor yang membantu menjaga kelembapan kulit, meremajakan, serta mencegah penuaan dini dan keriput. Kandungan moisturizernya yang tinggi membantu menghaluskan, melembutkan, serta mempercepat penyembuhan kulit kering dan rusak. Cocok untuk kulit normal dan kering.'),
(9, 'FT-1', 'Yam Bean Whitening Facial', 115000, 'Yam Bean Whitening Facial Perawatan wajah yang diracik dari bengkoang asli, dikenal sebagai cooling fruit yang membantu mencerahkan kulit kusam secara alami, memutihkan, dan mengatasi warna kulit yang tidak merata. Diperkaya dengan antiseptik alami untuk meredakan gatal dan iritasi, serta kandungan alami yang membantu mengangkat sel kulit mati dan menghilangkan noda. Menyegarkan kulit setelah aktivitas seharian di bawah cuaca panas. Cocok untuk semua jenis kulit.'),
(10, 'FT-2', 'Super Blue Facial', 185000, 'Super Blue Facial merupakan perawatan wajah dengan kombinasi high frequency ozone terbaru dengan ultrasound dan masker super blue. Treatment ini sangat bagus untuk mencegah, mengurangi serta menyembuhkan jerawat. Disamping itu perawatan ini juga sangat baik membantu dalam proses pengurangan minyak yang berlebihan. Sesuai dengan kulit berjerawat dan berminyak.'),
(11, 'FT-2', 'Green Tea Facial', 120000, 'Green Tea Facial merupakan perawatan wajah dengan rangkaian cleanser, scrub, massage cream, dan masker yang mengandung ekstrak green tea. Treatment ini sangat efektif untuk mencegah, mengurangi, hingga membantu menyembuhkan jerawat. Kandungan anti bakteri dan anti oksidan yang tinggi bekerja membunuh kuman penyebab jerawat, menetralkan radikal bebas, serta membantu mengurangi timbunan minyak pada kulit. Perawatan ini juga membantu meremajakan kulit agar tampak lebih segar dan sehat. Sesuai untuk kulit normal, berminyak, dan berjerawat.'),
(12, 'FT-2', 'Bio Acne Light Therapy', 160000, 'Bio Acne Light Therapy merupakan terapi dengan Blue Light untuk menyembuhkan jerawat dan mengontrol kelebihan minyak. Jerawat yang meradang terjadi karena adanya sumbatan pada pori kulit akibat minyak yang berlebih sehingga memberi peluang P. Acne, bakteri penyebab jerawat, untuk berkembang biak. Blue Light bekerja dengan cara mengontrol dan mengurangi P. Acne, untuk mengurangi produksi minyak yang berlebih sehingga tidak menyumbat pori. Jerawat dapat mengering hanya dalam sekali terapi.'),
(13, 'FT-2', 'Bio Inflamed Acne Light Therapy', 160000, 'Bio-inflamed light therapy adalah terapi dengan Purple Light untuk menyembuhkan jerawat sekaligus mengurangi inflamasi/kemerahan akibat jerawat. Purple Light Therapy menggabungkan Blue Light dan Red Light. Blue light efektif utnuk membunuh kuman P. Acne, bakteri penyebab jerawat, dan mengontrol produksi minyak yang berlebih. Red Light efektif untuk mengurangi kemerahan atau inflamasi akibat jerawat, sehingga mempercepat penyembuhan.'),
(14, 'FT-2', 'Mesotherapy Acne Control', 300000, 'Mesotherapy Acne Control merupakan perawatan wajah dengan teknik mesotherapy non-invasif yang diformulasikan khusus untuk mengatasi jerawat membandel. Mengandung bahan aktif yang bekerja langsung ke lapisan kulit untuk mengurangi peradangan, membunuh bakteri penyebab jerawat, serta mengontrol produksi minyak berlebih. Membantu mempercepat proses penyembuhan kulit dan mencegah munculnya jerawat baru. Sangat cocok untuk kulit berminyak dan berjerawat.'),
(15, 'FT-2', 'IPL Acne', 435000, 'IPL Acne merupakan perawatan wajah dengan teknologi Intense Pulsed Light (IPL) yang efektif untuk menyembuhkan dan mengurangi berbagai jenis jerawat seperti jerawat batu, jerawat bernanah, jerawat meradang, dan jerawat bengkak. Terapi ini bekerja dengan menembakkan cahaya intens ke dalam lapisan kulit untuk membunuh bakteri penyebab jerawat, mengurangi peradangan, serta mengontrol produksi minyak berlebih. Selain itu, IPL membantu mempercepat regenerasi kulit dan meminimalkan bekas jerawat, sehingga kulit tampak lebih bersih, sehat, dan halus. Cocok untuk kulit berjerawat yang membutuhkan penanganan intensif tanpa rasa sakit.'),
(16, 'FT-3', 'Collagen Facial', 180000, 'Collagen Facial merupakan perawatan muka dengan kombinasi mikrodermabrasi ringan, infusi serum kolagen dan masker kolagen. Dengan bantuan ultrasound molekul kolagen dapat terpenetrasi ke dalam kulit untuk mengembalikan keelastisan dan kekencengan kulit, menaikkan kelembaban kulit, dan menjaga keutuhan kolagen alami kulit. Sesuai untuk kulit normal, kering, dan kusam.'),
(17, 'FT-3', 'Honey Facial', 120000, 'Honey Facial merupakan perawatan wajah dengan menggunakan cleanser, scrub, massage cream dan masker dari ramuan dengan madu asli. Perawatan ini sesuai untuk kulit kering, normal dan sensitif. Madu selain mengandung Anti Oxidant yang berasal dari beberapa vitamin dan mineral yang terkandung di dalamanya dapt mencegah penuaan dini, madu juga mengandung Anti Bacteria atau yang disebut dengan Antibiotik yang berfungsi untuk membunuh kuman, menetralkan dan menyembuhkan iritasi/infeksi, mencegah dan menyembuhkan jerawat, serta mengandung zat Progenetic Stonulous yang membantu meningkatkan keaktifan jaringan kulit.'),
(18, 'FT-3', 'Dark Chocolate Facial', 120000, 'Dark Chocolate Facial merupaakan perawatan wajah dengan cleanser, scrub, massage cream, dan masker dari coklat asli. Sesuai untuk kulit kering, normal, dan berminyak tanpa jerawat. Cocoa Butter merupakan unsur atau kandungan terkuat yang terdapat dalam coklat yang berfungsi melapisi dan melindungi kulit dari kotoran, polusi, sinar matahari, menyerap kotoran yang menempel pada kulit serta melembutkan dan menghaluskan kulit. Kemudian, selain memiliki kandungan Antioxidant yang cukup tinggi yang disebut dengan ORAC (Oxygen Radical Absorption Capacity) yang berperan sebagai penghambat terjadinya oksidasi oleh udara bebas, coklat juga kaya akan kandungan seperti lemak jenuh dan tak jenuh, Asam Amino, Protein, Karbohidrat, Kalium, Magnesium, serta berbagai macam vitamin A, B, B2, B6, B12, C dan E yang sangat baik untuk kesehatan kulit.'),
(19, 'FT-3', 'Bio Rejuvenation Light Therapy', 160000, 'Bio Rejuvenation Light Therapy adalah therapy dengan Red Light untuk merejuvinasi kulit, mengurangi keriput dan garis halus, serta mengurangi inflamasi. Red Light dapat terpenetrasi dalam samapai ke lapisan dermis kulit, dimana terdapat kolagen dan elastin. Sinar yang terpenetrasi ke dalam kulit akan diserap dan mengakibatkan efek rejuvenasi: membantu regenerasi sel, melancarkan peredaran darah, dan menstimuli produksi kolagen dan elastin.'),
(20, 'FT-3', 'Pulsed Oxygen Injection', 250000, 'Pulsed Oxygen Injection adalah perawatan wajah dengan infusi oksigen murni, serum vitamin C, dan vacuum massage. Bermanfaat untuk menyegarkan dan menyehatkan kulit, serta mencegah timbulnya jerawat. Sesai untuk kulit kering, normal, dan berminyak tanpa jerawat.'),
(21, 'FT-3', 'Mesotherapy Rejuvenation Facial', 300000, 'Mesotherapy Rejuvenation Facial adalah perawatan wajah dengan teknik mesotherapy non-invasif yang diformulasikan untuk meremajakan kulit secara menyeluruh. Mengandung kombinasi vitamin, antioksidan, dan bahan aktif yang diserap langsung ke lapisan kulit untuk meningkatkan kelembapan, mencerahkan kulit kusam, menyamarkan garis halus, dan memperbaiki tekstur kulit. Perawatan ini membantu menstimulasi regenerasi sel kulit baru sehingga kulit tampak lebih segar, kenyal, dan bercahaya alami. Cocok untuk semua jenis kulit yang ingin tampak lebih muda dan sehat.'),
(22, 'FT-3', 'Jet Peel Facial', 300000, 'Jet Peel Facial adalah terapi peremajaan dengan aliran oksigen bertekanan tinggi untuk mengangkat sel kulit mati, memberi nutrisi, melembabkan kulit, dan mencegah timbulnya jerawat. Sesuai untuk semua jenis kulit, juga aman untuk kulit sensitif sekalipun.'),
(23, 'FT-4', 'Bio Acne Light Therapy', 160000, 'Bio Acne Light Therapy merupakan terapi dengan Blue Light untuk menyembuhkan jerawat dan mengontrol kelebihan minyak. Jerawat yang meradang terjadi karena adanya sumbatan pada pori kulit akibat minyak yang berlebih sehingga memberi peluang P.acne, bakteri penyebab jerawat, untuk berkembang biak. Blue Light bekerja dengan cara mengontrol dan mengurangi P.acne, untuk mengurangi produksi minyak yang berlebih sehingga tidak menyumbat pori. Jerawat dapat mengering hanya dalam sekali terapi.'),
(24, 'FT-4', 'Bio Rejuvenation Light Therapy', 160000, 'Bio Rejuvenation Light Therapy adalah therapy dengan Red Light untuk merejuvinasi kulit, mengurangi keriput dan garis halus, serta mengurangi inflamasi. Red Light dapat terpenetrasi dalam samapai ke lapisan dermis kulit, dimana terdapat kolagen dan elastin. Sinar yang terpenetrasi ke dalam kulit akan diserap dan mengakibatkan efek rejuvenasi: membantu regenerasi sel, melancarkan peredaran darah, dan menstimuli produksi kolagen dan elastin.'),
(25, 'FT-4', 'Bio Pigmentation Light Therapy', 160000, 'Bio Pigmentation Light Therapy adalah terapi dengan Green Light yang berguna untuk mencerahkan, dan mengurangi hiperpigmentasi. Green Light dapat terpenetrasi sampai lapisan dasar epidermis, dimana terdapat sel yang meregulasi melanin. Green Light Therapy membantu menekan produksi melanin sehingga dapat memperbaiki dan mencegah hiperpigmentasi dan age-spot.'),
(26, 'FT-4', 'Bio Radiance Light Therapy', 160000, 'Bio Radiance Light Therapy adalah terapi dengan menggunakan Orange Light untuk mengatasi kulit kusam. Orange Light sangat direkomendasikan untuk acara special, seperti pemotretan, wedding, dating ataupun untuk kebutuhan sehari-hari dimana kita menginginkan kulit wajah kita terlihat lebih segar, sehat, dan radiance look.'),
(27, 'FT-4', 'Bio Detoxification Light Therapy', 165000, 'Bio Detoxification Light Therapy adalah terapi dengan Yellow Light yang berguna untuk detoksifikasi, membuang racun dan kotoran dari dalam tubuh. Yellow Light mampu terpenetrasi ke dalam lapisan-lapisan kulit dan menstimulasi kelenjar getah bening. Kelenjar getah bening adalah sistem dalam tubuh yang bertanggung jawab dalam pengeluaran racun untuk keluar dari tubuh (detoksifikasi). Dengan detoksifikasi, kulit akan terlihat lebih segar, cerah, dan lebih siap untuk menerima terpai atau perawatan wajah selanjutnya.'),
(28, 'FT-4', 'Bio Inflamed Acne Light Therapy', 160000, 'Bio-inflamed light therapy adalah terapi dengan Purple Light untuk menyembuhkan jerawat sekaligus mengurangi inflamasi/kemerahan akibat jerawat. Purple Light Therapy menggabungkan Blue Light dan Red Light. Blue light efektif utnuk membunuh kuman P. Acne, bakteri penyebab jerawat, dan mengontrol produksi minyak yang berlebih. Red Light efektif untuk mengurangi kemerahan atau inflamasi akibat jerawat, sehingga mempercepat penyembuhan.'),
(29, 'FT-5', 'Pulsed Oxygen Injection', 250000, 'Pulsed Oxygen Injection merupakan Perawatan wajah dengan infusi oksigen murni, serum vitamin C, dan vacuum massage.  Bermanfaat untuk menyegarkan dan menyehatkan kulit, serta mencegah timbulnya jerawat. Sesai untuk kulit kering, normal, dan berminyak tanpa jerawat.'),
(30, 'FT-5', 'Jet Peel Facial', 300000, 'Jet Peel Facial adalah terapi peremajaan dengan aliran oksigen bertekanan tinggi untuk mengangkat sel kulit mati, memberi nutrisi, melembabkan kulit, dan mencegah timbulnya jerawat. Sesuai untuk semua jenis kulit, juga aman untuk kulit sensitif sekalipun.'),
(31, 'FT-5', 'Microdermabrasion', 300000, 'Microdermabrasion adalah terapi peremajaan dengan mengangkat sel kulit mati secara mekanik untuk menghaluskan, mencerahkan, mengurangi hiperpigmentasi, dan keriput. Kulit akan menjadi lebih halus dan cerah hanya dengan satu kali terapi.'),
(32, 'FT-5', 'Radio Frequency', 335000, 'Radio Frequency adalah terapi untuk mengencangkan kulit, mengurangi keriput, dan garis-garis halus. Menggunakan kombinasi bahan alami dan teknologi radio-frequency untuk menjaga dan meningkatkan produksi kolagen. Kulit akan menjadi lebih kencang hanya dengan hanya satu kali terapi.'),
(33, 'FT-5', 'Mesotherapy Without Needle', 300000, 'Mesotherapy Without Needle adalah terapi peremajaan dengan mesotherapy tanpa jarum, yaitu teknologi terbaru untuk memasukkan serum yang berisi bahan alami, vitamin, dan mineral ke dalam kulit tanpa menggunakan jarum suntik.'),
(34, 'FT-5', 'IPL', 435000, 'IPL adalah perawatan menggunakan alat fototerapi yang mengeluarkan spektrum cahaya berintensitas tinggi, dengan panjang gelombang tertentu, untuk menarget sel-sel kulit secara selektif. Teknologi IPL bekerja hampir sama dengan laser. IPL relatif lebih aman karena menggunakan spektrum cahaya yang luas dari panjang gelombang yang berbeda (polychromatic). Sehingga mampu menarget banyak chromophores.'),
(35, 'FT-5', 'Nano Fractional', 330000, 'Nano Fractional adalah perawatan kombinasi raddio frequency dan fractional yang efektif untuk memperbaiki dan meremajakan kulit yang rusak dan bersinergi menstimulasi pembentukan kolagen serta regenerasi kulit. Perawatan ini dapat mengurangi munculnya keriput, bekas luka, mengecilkan pori-pori, memudarkan garis senyum, dan menciptakan kulit yang lebih halus dan sehat.'),
(36, 'FT-6', 'Honey Facial', 120000, 'Honey Facial merupakan perawatan wajah dengan menggunakan cleanser, scrub, massage cream dan masker dari ramuan dengan madu asli. Perawatan ini sesuai untuk kulit kering, normal dan sensitif. Madu selain mengandung Anti Oxidant yang berasal dari beberapa vitamin dan mineral yang terkandung di dalamanya dapt mencegah penuaan dini, madu juga mengandung Anti Bacteria atau yang disebut dengan Antibiotik yang berfungsi untuk membunuh kuman, menetralkan dan menyembuhkan iritasi/infeksi, mencegah dan menyembuhkan jerawat, serta mengandung zat Progenetic Stonulous yang membantu meningkatkan keaktifan jaringan kulit.'),
(37, 'FT-6', 'Dark Chocolate Facial', 120000, 'Dark Chocolate Facial merupaakan perawatan wajah dengan cleanser, scrub, massage cream, dan masker dari coklat asli. Sesuai untuk kulit kering, normal, dan berminyak tanpa jerawat. Cocoa Butter merupakan unsur atau kandungan terkuat yang terdapat dalam coklat yang berfungsi melapisi dan melindungi kulit dari kotoran, polusi, sinar matahari, menyerap kotoran yang menempel pada kulit serta melembutkan dan menghaluskan kulit. Kemudian, selain memiliki kandungan Antioxidant yang cukup tinggi yang disebut dengan ORAC (Oxygen Radical Absorption Capacity) yang berperan sebagai penghambat terjadinya oksidasi oleh udara bebas, coklat juga kaya akan kandungan seperti lemak jenuh dan tak jenuh, Asam Amino, Protein, Karbohidrat, Kalium, Magnesium, serta berbagai macam vitamin A, B, B2, B6, B12, C dan E yang sangat baik untuk kesehatan kulit.'),
(38, 'FT-6', 'Romantic Radiance Rose Facial', 125000, 'Romantic Radiance Rose Facial merupakan perawatan wajah eksklusif yang menggunakan rangkaian produk berbahan dasar mawar asli, mulai dari cleanser, scrub, massage cream, hingga masker. Perawatan ini diformulasikan khusus untuk semua jenis kulit, termasuk kulit sensitif yang mudah iritasi. Kandungan utama dari bunga mawar memiliki manfaat luar biasa dalam menenangkan kulit, mengurangi kemerahan, serta menjaga kelembapan alami kulit wajah.'),
(39, 'FT-6', 'Kurma Facial', 120000, 'Kurma Facial merupakan perawatan wajah yang menggunakan rangkaian produk berbahan dasar buah kurma, meliputi cleanser, scrub, massage cream, dan masker alami. Perawatan ini sangat cocok untuk kulit kering, kusam, dan lelah, karena kurma dikenal kaya akan nutrisi penting yang mampu menghidrasi sekaligus menutrisi kulit secara mendalam.'),
(40, 'FT-7', '02 Bubble Mask Facial Avocado', 180000, '02 Bubble Mask Facial Avocado merupakan perawatan wajah yang memadukan masker gelembung oksigen (O Bubble Mask) dengan 100% buah alpukat segar yang dicacah asli. Perawatan ini dirancang untuk memberikan sensasi menyegarkan sekaligus membantu proses detoksifikasi kulit melalui teknologi oksigen aktif yang menghasilkan gelembung-gelembung mikro pada permukaan kulit.'),
(41, 'FT-7', '02 Bubble Mask Facial Strawberry', 180000, '02 Bubble Mask Facial Strawberry merupakan perawatan wajah yang memadukan keunggulan masker gelembung oksigen (O Bubble Mask) dengan 100% buah stroberi segar yang dicacah asli. Perawatan ini menawarkan manfaat detoksifikasi kulit secara menyeluruh melalui gelembung mikro aktif yang bekerja membersihkan pori-pori secara mendalam, sekaligus menyuplai oksigen untuk merevitalisasi kulit.'),
(42, 'FT-7', '02 Bubble Mask Facial Yam Bean', 180000, '02 Bubble Mask Facial Yam Bean adalah perawatan wajah yang menggabungkan teknologi masker gelembung oksigen (O Bubble Mask) dengan 100% buah bengkuang (yam bean) segar yang dicacah asli. Masker oksigen ini menghasilkan gelembung mikro aktif yang membantu membersihkan pori-pori secara menyeluruh, mengangkat kotoran, serta meningkatkan asupan oksigen ke dalam kulit untuk membantu proses regenerasi sel.'),
(43, 'FT-8', 'Super Bio', 260000, 'Super Bio adalah terapi intensif yang menggabungkan kekuatan Super Blue Light dan Bio Inflamed Light Therapy (Purple Light) untuk mengatasi jerawat secara menyeluruh. Super Blue Light bekerja aktif membunuh bakteri P.acne penyebab jerawat, mengontrol produksi minyak berlebih, serta membersihkan pori-pori yang tersumbat. Sementara Bio Inflamed Light, kombinasi dari Blue dan Red Light, membantu mengurangi kemerahan, peradangan, dan mempercepat proses penyembuhan kulit. Perpaduan kedua terapi ini memberikan hasil yang efektif tanpa rasa sakit, menjadikan kulit lebih bersih, tenang, dan terbebas dari jerawat aktif maupun inflamasi.'),
(44, 'FT-8', 'Silver Bio', 290000, 'Silver Bio adalah perawatan wajah yang memadukan manfaat Silver Facial dengan teknologi Bio Pigmentation Light Therapy (Green Light) untuk mencerahkan kulit secara menyeluruh. Silver Facial membantu membersihkan, menenangkan, dan meremajakan kulit dengan kandungan antibakteri alami dari silver yang juga efektif merawat kulit sensitif. Sementara Green Light dalam Bio Pigmentation menembus hingga lapisan dasar epidermis untuk menghambat produksi melanin, sehingga mampu mengurangi flek hitam, hiperpigmentasi, dan meratakan warna kulit. Kombinasi keduanya memberikan hasil kulit yang tampak lebih cerah, sehat, dan bercahaya alami.'),
(45, 'FT-8', 'Gold Bio', 285000, 'Gold Bio adalah perawatan wajah eksklusif yang menggabungkan keunggulan Gold Facial dengan teknologi Bio Radiance Light Therapy (Orange Light) untuk menghasilkan kulit yang tampak cerah, segar, dan bercahaya alami. Gold Facial dikenal dengan kandungan emas aktif yang membantu menstimulasi regenerasi sel kulit, meningkatkan elastisitas, serta memperlambat tanda-tanda penuaan dini. Sementara Orange Light dalam Bio Radiance menembus lapisan kulit untuk memberikan efek revitalisasi instanmeningkatkan sirkulasi darah dan menciptakan tampilan kulit yang lebih sehat dan glowing. Kombinasi perawatan ini sangat ideal untuk momen-momen spesial atau perawatan rutin bagi Anda yang menginginkan kulit tampak mewah, segar, dan bercahaya setiap saat.'),
(46, 'FT-8', 'Colagen Bio', 275000, 'Collagen Bio adalah perawatan wajah yang mengombinasikan manfaat Collagen Facial dengan teknologi Bio Rejuvenation Light Therapy (Red Light) untuk membantu mengurangi tanda-tanda penuaan dan menjaga elastisitas kulit. Collagen Facial bekerja dengan memberikan nutrisi langsung ke dalam lapisan kulit untuk menstimulasi produksi kolagen alami, mengencangkan kulit, dan mengurangi garis halus. Sementara Red Light dalam Bio Rejuvenation menembus hingga ke lapisan dermis untuk mempercepat regenerasi sel, melancarkan sirkulasi darah, serta meningkatkan produksi kolagen dan elastin. Sinergi dari kedua perawatan ini menjadikan kulit tampak lebih kencang, halus, dan awet muda dengan kilau sehat alami.'),
(47, 'FT-9', 'Bio Rejuvenation Light Therapy', 160000, 'Bio Rejuvenation Light Therapy adalah therapy dengan Red Light untuk merejuvinasi kulit, mengurangi keriput dan garis halus, serta mengurangi inflamasi. Red Light dapat terpenetrasi dalam samapai ke lapisan dermis kulit, dimana terdapat kolagen dan elastin. Sinar yang terpenetrasi ke dalam kulit akan diserap dan mengakibatkan efek rejuvenasi: membantu regenerasi sel, melancarkan peredaran darah, dan menstimuli produksi kolagen dan elastin.'),
(48, 'FT-9', 'Collagen Facial', 180000, 'Collagen Facial merupakan perawatan muka dengan kombinasi mikrodermabrasi ringan, infusi serum kolagen dan masker kolagen. Dengan bantuan ultrasound molekul kolagen dapat terpenetrasi ke dalam kulit untuk mengembalikan keelastisan dan kekencengan kulit, menaikkan kelembaban kulit, dan menjaga keutuhan kolagen alami kulit. Sesuai untuk kulit normal, kering, dan kusam.'),
(49, 'FT-9', 'Mesotherapy Lifting Facial', 300000, 'Mesotherapy Lifting Facial adalah perawatan wajah dengan teknik mesotherapy non-invasif yang diformulasikan khusus untuk mengencangkan dan mengangkat kontur wajah secara alami. Mengandung campuran peptida, kolagen, dan bahan aktif lainnya yang diserap langsung ke dalam lapisan kulit untuk meningkatkan elastisitas, mengurangi kendur, serta menyamarkan garis halus dan kerutan. Perawatan ini merangsang produksi kolagen dan memperkuat struktur kulit dari dalam, sehingga wajah tampak lebih kencang, terangkat, dan tampak muda. Ideal untuk Anda yang ingin mengatasi tanda-tanda penuaan dan mendapatkan tampilan wajah yang lebih tegas dan segar.'),
(50, 'FT-10', 'Gold Facial', 205000, 'gold facial adalah Perawatan wajah yang mengkombinasikan mikrodermabrasi ringan, ultrasound, dan masker emas murni. Bermanfaat untuk menghaluskan, melembabkan, dan mencerahkan kulit. Sesuai untuk kulit kering, normal, dan berminyak tanpa jerawat.'),
(51, 'FT-10', 'Romantic Radiance Rose Facial', 125000, 'Romantic Radiance Rose Facial merupakan perawatan wajah eksklusif yang menggunakan rangkaian produk berbahan dasar mawar asli, mulai dari cleanser, scrub, massage cream, hingga masker. Perawatan ini diformulasikan khusus untuk semua jenis kulit, termasuk kulit sensitif yang mudah iritasi. Kandungan utama dari bunga mawar memiliki manfaat luar biasa dalam menenangkan kulit, mengurangi kemerahan, serta menjaga kelembapan alami kulit wajah.'),
(52, 'FT-10', 'Silver Facial', 205000, 'Silver Facial merupakan perawatan wajah yang mengkombinasikan mikrodermabrasi ringan dengan ultrasound dan masker silver murni. Silver murni bekerja dengan menyerang langsung pada melanin kulit sehingga menjadikan kulit lebih putih serta dapat menyamarkan/mengurangi pigmentasi. Silver juga kaya akan mineral yang sangat baik dalam pemulihan kulit yang dehidrasi. Sesuai untuk kulit kering, dehidrasi, normal, berminyak, kusam, pigmentasi.'),
(53, 'FT-10', 'Bio Pigmentation Light Therapy', 160000, 'Bio Pigmentation Light Therapy adalah terapi dengan Green Light yang berguna untuk mencerahkan, dan mengurangi hiperpigmentasi. Green Light dapat terpenetrasi sampai lapisan dasar epidermis, dimana terdapat sel yang meregulasi melanin. Green Light Therapy membantu menekan produksi melanin sehingga dapat memperbaiki dan mencegah hiperpigmentasi dan age-spot.'),
(54, 'FT-10', 'Mesotherapy Brightening Facial', 300000, 'Mesotherapy Brightening Facial adalah perawatan wajah dengan teknik mesotherapy non-invasif yang diformulasikan untuk mencerahkan kulit secara menyeluruh. Diperkaya dengan vitamin C, antioksidan, dan bahan aktif pencerah yang diserap langsung ke dalam lapisan kulit untuk membantu mengurangi flek hitam, meratakan warna kulit, dan mengembalikan kilau alami wajah. Perawatan ini juga membantu meningkatkan metabolisme sel kulit, menjadikan kulit tampak lebih cerah, segar, dan bercahaya dari dalam. Cocok untuk semua jenis kulit yang kusam, tidak merata, atau mengalami hiperpigmentasi ringan hingga sedang.'),
(55, 'FT-10', 'Pulsed Oxygen Injection', 250000, 'Pulsed Oxygen Injection merupakan Perawatan wajah dengan infusi oksigen murni, serum vitamin C, dan vacuum massage.  Bermanfaat untuk menyegarkan dan menyehatkan kulit, serta mencegah timbulnya jerawat. Sesai untuk kulit kering, normal, dan berminyak tanpa jerawat.'),
(56, 'FT-10', 'Microderm Rev Diamond', 230000, 'Microderm Rev Diamond adalah perawatan eksfoliasi wajah yang menggunakan teknologi diamond tip microdermabrasion untuk mengangkat sel kulit mati secara menyeluruh dan merangsang regenerasi kulit baru. Dengan proses yang lembut namun efektif, perawatan ini membantu menghaluskan tekstur kulit, menyamarkan bekas jerawat, garis halus, dan pori-pori besar. Microdermabrasion dengan ujung berlian memberikan hasil yang lebih presisi dan higienis, menjadikan kulit tampak lebih cerah, bersih, dan halus seketika. Cocok untuk semua jenis kulit yang ingin tampil segar, sehat, dan bercahaya.'),
(57, 'FT-10', 'Microderm Rev Face Up', 305000, 'Microderm Rev Face Up adalah perawatan eksfoliasi wajah yang menggabungkan teknologi microdermabrasion dengan teknik pengangkatan (lifting) untuk hasil kulit yang lebih halus, cerah, dan tampak kencang. Perawatan ini bekerja dengan mengangkat sel kulit mati menggunakan alat khusus, sekaligus menstimulasi sirkulasi darah dan produksi kolagen untuk meningkatkan elastisitas kulit. Efektif untuk menyamarkan garis halus, pori-pori besar, serta membuat kontur wajah terlihat lebih tegas. Cocok untuk Anda yang menginginkan kulit bersih, segar, dan tampak lebih muda dalam waktu singkat.'),
(58, 'FT-10', 'Jet Peel Facial', 300000, 'Jet Peel Facial adalah terapi peremajaan dengan aliran oksigen bertekanan tinggi untuk mengangkat sel kulit mati, memberi nutrisi, melembabkan kulit, dan mencegah timbulnya jerawat. Sesuai untuk semua jenis kulit, juga aman untuk kulit sensitif sekalipun.'),
(59, 'FT-10', 'Bio Radiance Light Therapy', 160000, 'Bio Radiance Light Therapy adalah terapi dengan menggunakan Orange Light untuk mengatasi kulit kusam. Orange Light sangat direkomendasikan untuk acara special, seperti pemotretan, wedding, dating ataupun untuk kebutuhan sehari-hari dimana kita menginginkan kulit wajah kita terlihat lebih segar, sehat, dan radiance look.'),
(60, 'HT-1', 'Medical Hair Treatment', 130000, 'Medical Hair Treatment adalah perawatan rambut intensif yang menggabungkan bahan-bahan alami dan aromaterapi dengan teknologi modern untuk mengatasi berbagai permasalahan rambut dan kulit kepala. Perawatan ini dirancang tidak hanya untuk memberikan relaksasi, tetapi juga manfaat terapeutik yang menyeluruh, mulai dari menstimulasi sirkulasi darah, memperkuat akar rambut, hingga mendukung pertumbuhan rambut yang lebih sehat dan kuat. Tersedia berbagai jenis Hair Spa yang dapat disesuaikan dengan kebutuhan dan kondisi kulit kepala, seperti varian Classics yang diformulasikan khusus untuk rambut kering, normal, berminyak, dan berketombe. Dengan pendekatan yang personal dan efektif, Medical Hair Treatment menjadi solusi ideal untuk menjaga kesehatan rambut dan kulit kepala secara alami dan menyeluruh.'),
(61, 'HT-2', 'Strawberry -Yoghurt', 135000, 'Strawberry-Yoghurt adalah varian dari Fruit Medical Hair Treatment yang diformulasikan khusus untuk melembapkan dan menyuburkan rambut secara alami. Ekstrak stroberi kaya akan antioksidan dan vitamin C yang membantu menutrisi kulit kepala serta melindungi rambut dari kerusakan akibat radikal bebas. Dipadukan dengan yoghurt yang mengandung protein dan asam laktat, perawatan ini bekerja efektif untuk menghidrasi batang rambut, mengurangi kekeringan, serta memperkuat akar rambut. Hasilnya, rambut terasa lebih lembut, sehat, dan tampak lebih berkilau. Sangat cocok untuk rambut kering, kusam, atau yang sering terpapar panas dan polusi.'),
(62, 'HT-2', 'Avocado-Green Tea', 135000, 'Avocado-Green Tea adalah varian Fruit Medical Hair Treatment yang dirancang untuk melembapkan dan menyuburkan rambut secara intensif. Alpukat dikenal kaya akan vitamin E, lemak sehat, dan nutrisi esensial yang membantu memperbaiki rambut kering dan rapuh, serta menjaga kelembapan alami rambut. Sementara ekstrak teh hijau mengandung antioksidan tinggi yang membantu menenangkan kulit kepala, mengurangi kerontokan, dan menstimulasi pertumbuhan rambut baru. Kombinasi bahan alami ini memberikan perawatan menyeluruh untuk rambut yang lebih lembut, kuat, dan bercahaya dari akar hingga ujung.'),
(63, 'HT-2', 'Dark Chocolate', 135000, 'Dark Chocolate adalah varian Fruit Medical Hair Treatment yang diformulasikan khusus untuk memberikan kelembapan mendalam pada rambut kering dan kusam. Ekstrak cokelat hitam kaya akan antioksidan, magnesium, dan asam lemak esensial yang membantu menutrisi batang rambut, memperbaiki kerusakan akibat panas atau bahan kimia, serta mengunci kelembapan alami rambut. Kandungan theobromine dalam cokelat juga diketahui dapat meningkatkan sirkulasi kulit kepala, mendukung kesehatan folikel, dan memberikan efek relaksasi yang menenangkan. Dengan aroma khas cokelat yang hangat dan menenangkan, varian ini menghadirkan pengalaman perawatan rambut yang mewah sekaligus menutrisi, menjadikan rambut lebih lembut, lembap, dan mudah diatur.'),
(64, 'HT-2', 'Jasmine-Aloe Vera', 135000, 'Jasmine-Aloe Vera adalah varian Fruit Medical Hair Treatment yang diformulasikan untuk membantu mencegah kerontokan rambut secara efektif dan alami. Ekstrak bunga melati dikenal memiliki sifat menenangkan dan aromaterapi yang merilekskan, sekaligus membantu memperkuat akar rambut serta merangsang pertumbuhan rambut baru. Sementara lidah buaya (Aloe Vera) kaya akan enzim proteolitik, vitamin A, C, dan E yang bekerja menutrisi kulit kepala, mengurangi peradangan, dan memperbaiki jaringan folikel rambut yang rusak. Kombinasi kedua bahan ini memberikan perawatan menyeluruh yang menyeimbangkan kelembapan kulit kepala, memperkuat helai rambut dari akarnya, dan mengurangi kerontokan secara bertahap. Varian ini cocok bagi Anda yang menginginkan rambut lebih tebal, sehat, dan bebas stres.'),
(65, 'HT-2', 'Coconut-Cinnamon', 135000, 'Coconut-Cinnamon adalah varian Fruit Medical Hair Treatment yang diformulasikan untuk memberikan kilau alami dan sehat pada rambut. Minyak kelapa dikenal akan kemampuannya menembus batang rambut secara mendalam, memberikan nutrisi, serta menjaga kelembapan dan elastisitas rambut. Kandungan asam lemak dan vitamin E-nya membantu menghaluskan helaian rambut dan mengurangi kusam. Sementara kayu manis (cinnamon) mengandung senyawa antimikroba dan antioksidan yang membantu merangsang sirkulasi kulit kepala serta memperkuat akar rambut. Perpaduan aroma hangat dan manis dari kayu manis dengan kesegaran kelapa menciptakan pengalaman perawatan yang memanjakan sekaligus efektif dalam membuat rambut tampak lebih berkilau, lembut, dan sehat alami.'),
(66, 'HT-2', 'Lemon-Honey', 135000, 'Lemon-Honey adalah varian Fruit Medical Hair Treatment yang diformulasikan khusus untuk mengontrol kelebihan minyak pada kulit kepala tanpa menghilangkan kelembapan alaminya. Ekstrak lemon kaya akan vitamin C dan asam sitrat yang efektif membersihkan kulit kepala dari minyak berlebih, kotoran, dan penumpukan produk, sekaligus menyegarkan rambut secara menyeluruh. Sementara madu dikenal sebagai humektan alami yang membantu menjaga kelembapan rambut, menutrisi akar, dan memberikan kilau sehat tanpa membuat rambut lepek. Kombinasi segar dan manis dari lemon dan madu memberikan sensasi bersih, ringan, dan harum alami, menjadikannya pilihan tepat untuk Anda yang menginginkan rambut segar, bebas minyak, dan tetap ternutrisi dengan baik.'),
(67, 'HT-3', 'Medical Hair Mask', 130000, 'Medical Hair Mask adalah perawatan intensif untuk rambut dan kulit kepala yang menggunakan kombinasi bahan-bahan alami berkualitas tinggi dan aromaterapi yang menenangkan, serta didukung oleh penggunaan peralatan modern. Perawatan ini dirancang untuk memberikan nutrisi mendalam ke batang rambut dan akar, membantu mengembalikan vitalitas rambut yang rusak akibat paparan panas, polusi, atau bahan kimia. Kandungan alami dalam masker bekerja menyehatkan kulit kepala, mengurangi kekeringan, serta memberikan kelembapan dan kelembutan ekstra pada rambut, menjadikannya lebih halus, mudah diatur, dan tampak berkilau alami. Medical Hair Mask merupakan solusi ideal bagi Anda yang menginginkan perawatan rambut menyeluruh yang tidak hanya merawat, tetapi juga memanjakan indra melalui sensasi relaksasi dari aromaterapi.'),
(68, 'HT-4', 'Waxing', 250000, 'Waxing adalah terapi perawatan kulit yang bertujuan untuk menghilangkan bulu secara efektif di area tubuh seperti tangan, ketiak, maupun kaki. Proses ini tidak hanya membantu menciptakan tampilan kulit yang lebih bersih dan halus, tetapi juga memperlambat pertumbuhan bulu baru dibandingkan dengan metode pencukuran biasa. Waxing tersedia dalam dua varian, yaitu wax roll yang dirancang khusus untuk jenis rambut yang lebih halus dan tipis, memberikan pengalaman yang lebih lembut dan nyaman, serta wax strip yang lebih kuat dan efektif untuk mengangkat rambut yang lebih tebal dan kasar. Dengan teknik yang tepat dan bahan wax berkualitas, perawatan ini tidak hanya memberikan hasil yang tahan lama, tetapi juga membantu mengeksfoliasi kulit, menjadikannya terasa lebih lembut dan cerah. Waxing cocok bagi Anda yang menginginkan solusi praktis dan tahan lama untuk menjaga kebersihan dan penampilan kulit.'),
(69, 'BT-1', 'Meso Body Perut', 385000, 'Meso Body Perut adalah treatment yang diformulasikan khusus untuk membantu mengurangi lemak berlebih dan mengencangkan area perut secara efektif. Menggunakan teknologi mesoterapi non-invasif, treatment ini mengantarkan bahan aktif langsung ke lapisan kulit yang dalam untuk memecah lemak, meningkatkan sirkulasi darah, dan mempercepat metabolisme lokal. Diperkaya dengan ekstrak alami dan senyawa pelangsing seperti kafein dan L-carnitine, Meso Body Perut bekerja menargetkan lemak membandel di sekitar perut, membantu meratakan kontur tubuh, serta mengurangi tampilan perut buncit. Sensasi hangat yang ditimbulkan juga memberikan efek relaksasi sambil meningkatkan efektivitas penyerapan. Cocok untuk Anda yang menginginkan bentuk perut lebih ramping, kencang, dan proporsional secara alami dan aman.'),
(70, 'BT-1', 'Meso Body Paha', 385000, 'Meso Body Paha adalah treatment yang diformulasikan khusus untuk membantu mengurangi lemak berlebih dan mengencangkan area paha secara efektif. Menggunakan teknologi mesoterapi non-invasif, treatment ini mengantarkan bahan aktif langsung ke lapisan kulit yang dalam untuk memecah lemak, memperlancar sirkulasi darah, dan mempercepat pembakaran lemak lokal di area paha. Diperkaya dengan ekstrak alami dan senyawa pelangsing seperti kafein dan L-carnitine, Meso Body Paha bekerja menargetkan penumpukan lemak dan selulit yang umumnya sulit dihilangkan, serta membantu membentuk kontur paha yang lebih ramping dan kencang. Sensasi hangat yang menyertai perawatan juga memberikan efek relaksasi dan meningkatkan penyerapan zat aktif. Cocok untuk Anda yang menginginkan bentuk paha lebih proporsional, halus, dan bebas selulit secara alami dan aman.'),
(71, 'BT-1', 'Meso Body Lengan', 385000, 'Meso Body Lengan adalah treatment yang diformulasikan khusus untuk membantu mengurangi lemak berlebih dan mengencangkan area lengan atas secara efektif. Dengan teknologi mesoterapi non-invasif, bahan aktif diserap langsung ke lapisan kulit terdalam untuk memecah lemak, meningkatkan sirkulasi darah, dan mempercepat metabolisme lokal di area lengan. Kandungan kafein, L-carnitine, serta ekstrak alami lainnya bekerja secara sinergis untuk menargetkan lemak membandel dan mengurangi tampilan lengan yang bergelambir. Treatment ini juga membantu meningkatkan elastisitas kulit sehingga lengan terasa lebih kencang, halus, dan terdefinisi. Sensasi hangat yang dihasilkan memberikan efek relaksasi sekaligus mempercepat proses penyerapan bahan aktif. Ideal untuk Anda yang ingin memiliki lengan yang lebih ramping, kencang, dan proporsional secara aman dan alami.'),
(72, 'BT-1', 'RF Body Multipolar Perut', 400000, 'RF Body Multipolar Perut adalah treatment pelangsing non-invasif yang menggunakan teknologi Radio Frequency (RF) multipolar untuk membantu mengurangi lemak, mengencangkan kulit, dan membentuk area perut secara optimal. Gelombang RF bekerja dengan menghasilkan panas di lapisan kulit terdalam (dermis), yang merangsang produksi kolagen, mempercepat metabolisme sel lemak, dan memperlancar sirkulasi darah di area perut. Proses ini efektif dalam mengurangi tampilan perut buncit, memperbaiki elastisitas kulit, serta mengencangkan jaringan yang kendur tanpa rasa sakit atau downtime. Sensasi hangat selama treatment memberikan kenyamanan sekaligus hasil yang terlihat lebih cepat dan alami. Cocok untuk Anda yang ingin memiliki perut lebih rata, kencang, dan terlihat lebih ramping secara aman dan modern.'),
(73, 'BT-1', 'RF Body Multipolar Paha', 400000, 'RF Body Multipolar Paha adalah treatment pelangsing modern yang dirancang untuk mengurangi lemak dan mengencangkan area paha secara efektif menggunakan teknologi Radio Frequency (RF) multipolar. Gelombang RF bekerja dengan menghangatkan lapisan dalam kulit (dermis) untuk merangsang produksi kolagen, mempercepat metabolisme lemak, dan meningkatkan sirkulasi darah di area paha. Treatment ini membantu mengurangi tampilan selulit, mengencangkan kulit yang kendur, serta membentuk kontur paha agar tampak lebih ramping dan halus. Prosesnya aman, nyaman, tanpa jarum atau downtime, dengan sensasi hangat yang menenangkan. Cocok untuk Anda yang menginginkan paha yang lebih kencang, proporsional, dan bebas selulit secara alami dan non-invasif.'),
(74, 'BT-1', 'RF Body Multipolar Lengan', 400000, 'RF Body Multipolar Lengan adalah treatment pelangsing non-invasif yang diformulasikan khusus untuk membantu mengurangi lemak dan mengencangkan area lengan atas. Dengan teknologi Radio Frequency (RF) multipolar, treatment ini menghantarkan energi panas ke lapisan dalam kulit untuk merangsang produksi kolagen, membakar lemak, dan memperbaiki elastisitas kulit secara alami. Proses ini efektif untuk mengurangi tampilan lengan yang bergelambir, mempertegas kontur lengan, serta menjadikan kulit lebih kencang dan halus. Sensasi hangat yang nyaman selama treatment mendukung penyerapan energi secara optimal tanpa rasa sakit atau downtime. Cocok untuk Anda yang ingin memiliki lengan ramping, kencang, dan terlihat lebih proporsional dengan metode yang aman dan modern.'),
(75, 'BT-1', 'RF Body Monopolar Lengan', 400000, 'RF Body Monopolar Lengan adalah treatment pelangsing dan pengencangan lengan yang menggunakan teknologi Radio Frequency (RF) monopolar, yang mampu menghantarkan panas lebih dalam ke jaringan subkutan untuk hasil yang lebih intensif. Energi panas dari RF monopolar bekerja menembus hingga lapisan lemak terdalam, merangsang pemecahan lemak, mempercepat metabolisme, serta meningkatkan produksi kolagen untuk kulit yang lebih kencang dan elastis. Treatment ini sangat efektif untuk mengurangi lemak berlebih di area lengan atas, mempertegas kontur lengan, dan mengatasi kulit kendur atau bergelambir. Dengan sensasi hangat yang nyaman dan tanpa downtime, RF Body Monopolar Lengan cocok bagi Anda yang menginginkan lengan lebih ramping, kencang, dan terdefinisi secara alami dan aman.'),
(76, 'BT-1', 'RF Body Monopolar Perut', 400000, 'RF Body Monopolar Perut adalah treatment pelangsing intensif yang dirancang untuk membantu mengurangi lemak membandel dan mengencangkan area perut menggunakan teknologi Radio Frequency (RF) monopolar. Teknologi ini mampu menghantarkan panas hingga ke lapisan lemak terdalam, memecah jaringan lemak, meningkatkan sirkulasi darah, dan merangsang produksi kolagen secara optimal. Hasilnya, kulit perut menjadi lebih kencang, elastis, dan tampilan perut buncit berkurang secara bertahap. RF monopolar juga dikenal efektif untuk memperbaiki tekstur kulit dan mengurangi tampilan stretch mark. Dengan sensasi hangat yang nyaman tanpa rasa sakit atau downtime, treatment ini cocok bagi Anda yang menginginkan bentuk perut yang lebih ramping, rata, dan proporsional secara alami dan aman.'),
(77, 'BT-1', 'RF Body Monopolar Paha', 400000, 'RF Body Monopolar Paha adalah treatment pelangsing dan pengencangan yang dirancang khusus untuk mengatasi penumpukan lemak dan kulit kendur di area paha. Menggunakan teknologi Radio Frequency (RF) monopolar, treatment ini menghantarkan panas ke lapisan lemak terdalam untuk memecah lemak, mempercepat metabolisme sel, dan merangsang produksi kolagen secara maksimal. Proses ini efektif mengurangi selulit, mengencangkan kulit, serta membentuk kontur paha agar tampak lebih ramping dan halus. Sensasi hangat selama treatment memberikan efek relaksasi tanpa rasa sakit atau downtime, menjadikannya pilihan ideal bagi Anda yang menginginkan paha lebih kencang, terdefinisi, dan proporsional secara alami dan aman.'),
(78, 'BT-2', 'Body Firming', 400000, 'Body Firming adalah perawatan khusus yang menggunakan teknologi Radio Frequency (RF) untuk membantu mengencangkan kulit dan mengurangi tampilan stretch mark di berbagai area tubuh seperti perut, paha, lengan, dan pinggang. Energi panas dari RF bekerja menembus hingga ke lapisan dermis untuk merangsang produksi kolagen dan elastin  dua komponen penting yang menjaga kekencangan dan elastisitas kulit. Proses ini tidak hanya membantu mengencangkan kulit yang kendur akibat penurunan berat badan atau penuaan, tetapi juga efektif dalam memperbaiki tekstur kulit yang tidak rata, termasuk bekas stretch mark.'),
(79, 'BR-1', 'Avocado Deep Moisturizing Treatment', 250000, 'Avocado Deep Moisturizing Treatment adalah perawatan badan yang diperkaya dengan ekstrak alpukat yang kaya akan vitamin E dan lemak sehat, varian ini memberikan hidrasi intensif sekaligus membantu memperbaiki tekstur kulit yang kasar dan kering. Cocok untuk kulit sangat kering dan membutuhkan kelembapan mendalam.'),
(80, 'BR-1', 'Milky Mild Banana Body Treatment', 250000, 'Milky Mild Banana Body Treatment adalah perawatan badan yang mengandung ekstrak pisang dan susu yang menutrisi dan melembutkan kulit secara alami. Pisang kaya akan vitamin A, B, dan C yang membantu menjaga elastisitas kulit, sementara susu memberikan efek menenangkan dan melembapkan secara menyeluruh.'),
(81, 'BR-1', 'Honey Body Treatment', 250000, 'Honey Body Treatment adalah perawatan badan yang mengandalkan manfaat alami madu sebagai humektan yang menjaga kelembapan kulit, sekaligus memiliki sifat antibakteri dan antioksidan. Perawatan ini ideal untuk kulit yang kering dan sensitif, menjadikannya lebih sehat dan glowing alami.'),
(82, 'BR-1', 'Silky Milk Body Treatment', 250000, 'Silky Milk Body Treatment adalah perawatan badan yang mengandung susu murni yang membantu mencerahkan, menghaluskan, dan melembapkan kulit secara merata. Varian ini memberikan sensasi lembut seperti sutra, menjadikan kulit terasa lebih halus, segar, dan cerah setelah perawatan.'),
(83, 'BR-2', 'Strawberry Yoghurt Body Treatment', 250000, 'Strawberry Yoghurt Body Treatment adalah perawatan badan yang menghadirkan perpaduan ekstrak stroberi segar dan yoghurt kaya probiotik yang membantu menutrisi kulit, memberikan kelembapan alami, serta memperbaiki tekstur kulit yang kasar. Aroma manis stroberi menambah sensasi menyegarkan dan menenangkan.'),
(84, 'BR-2', 'Peach Dazzling Body Treatment', 250000, 'Peach Dazzling Body Treatment adalah perawatan badan yang diperkaya dengan ekstrak buah persik yang kaya vitamin dan antioksidan, varian ini membantu mencerahkan kulit dan memberikan kilau sehat alami. Aroma buah persik yang lembut dan segar menciptakan pengalaman spa yang menyenangkan dan memanjakan.'),
(85, 'BR-2', 'Floral Lavender Body Treatment', 250000, 'Floral Lavender Body Treatment adalah perawatan badan menggunakan ekstrak lavender yang terkenal dengan efek relaksasi dan menenangkan, treatment ini ideal untuk meredakan ketegangan dan membantu tidur lebih nyenyak. Aroma floral lavender juga memberikan kesan menenangkan dan menyegarkan sepanjang hari.'),
(86, 'BR-3', 'Green Tea Body Treatment', 260000, 'Green Tea Body Treatment adalah perawatan badan yang mengandung ekstrak teh hijau kaya antioksidan yang efektif menangkal radikal bebas, mengurangi peradangan, dan menenangkan kulit. Treatment ini juga membantu memperbaiki tekstur kulit serta menjaga kelembapan alami.'),
(87, 'BR-3', 'Dark Chocolate Body Treatment', 260000, 'Dark Chocolate Body Treatment adalah perawatan badan yang diperkaya dengan cokelat hitam yang tinggi kandungan flavonoid dan antioksidan, varian ini membantu memperlambat penuaan, meningkatkan elastisitas kulit, dan memberikan sensasi hangat yang menenangkan.'),
(88, 'BR-3', 'Black Coffee-Cinnamon Body Treatment', 260000, 'Black Coffee-Cinnamon Body Treatment adalah perawatan badan yang menggunakan kombinasi kopi hitam dan kayu manis yang kaya antioksidan dan kafein ini merangsang sirkulasi darah, membantu mengurangi tampilan selulit, serta memberikan efek menyegarkan dan hangat pada kulit.'),
(89, 'BR-3', 'Dead Sea Body Treatment', 260000, 'Dead Sea Body Treatment adalah perawatan badan yang menggunakan mineral alami dari Laut Mati yang kaya magnesium, kalsium, dan potasium, treatment ini membantu detoksifikasi kulit, mempercepat regenerasi sel, dan mengembalikan kelembapan serta keseimbangan kulit secara optimal.'),
(90, 'BR-4', 'Yam Bean Silky Whitening Body Treatment', 285000, 'Yam Bean Silky Whitening Body Treatment adalah perawatan badan yang mengandung ekstrak bengkuang (yam bean) yang kaya vitamin C dan antioksidan, varian ini efektif mencerahkan kulit, menyamarkan noda hitam, dan memberikan kelembapan intensif. Hasilnya kulit terasa halus, lembut, dan bercahaya alami.'),
(91, 'BR-4', 'Soya Bean and Potato Body Treatment', 285000, 'Soya Bean and Potato Body Treatment adalah perawatan badan yang menggunakan kombinasi ekstrak kedelai dan kentang membantu menghambat produksi melanin penyebab kulit gelap, sekaligus menutrisi kulit agar lebih cerah dan lembap. Treatment ini juga membantu memperbaiki tekstur kulit yang tidak merata.'),
(92, 'BR-4', 'Glamorous Gold Body Treatment', 300000, 'Glamorous Gold Body Treatment adalah perawatan badan yang menggunakan partikel emas murni yang mampu menstimulasi regenerasi sel dan meningkatkan elastisitas kulit. Varian ini memberikan efek kilau mewah sekaligus membantu mencerahkan dan mengencangkan kulit tubuh secara menyeluruh.');

-- --------------------------------------------------------

--
-- Table structure for table `transaksi`
--

CREATE TABLE `transaksi` (
  `id_transaksi` int(11) NOT NULL,
  `nama_pembeli` varchar(100) NOT NULL,
  `alamat_pembeli` text DEFAULT NULL,
  `no_hp` varchar(20) DEFAULT NULL,
  `tanggal` date NOT NULL
) ENGINE=InnoDB DEFAULT CHARSET=utf8mb4 COLLATE=utf8mb4_general_ci;

--
-- Dumping data for table `transaksi`
--

INSERT INTO `transaksi` (`id_transaksi`, `nama_pembeli`, `alamat_pembeli`, `no_hp`, `tanggal`) VALUES
(1, 'testes', 'sleman', '0865353535', '2025-06-04'),
(2, 'testes', 'sleman', '086473737', '2025-06-04'),
(3, 'testes', 'sleman', '085747346', '2025-06-04'),
(6, 'coba', 'sleman', '0857476463664', '2025-06-04'),
(7, 'coba', 'sleman', '08547373646', '2025-06-04');

-- --------------------------------------------------------

--
-- Table structure for table `treatment`
--

CREATE TABLE `treatment` (
  `kode_treatment` varchar(10) NOT NULL,
  `nama_treatment` varchar(100) NOT NULL,
  `jenis_treatment` varchar(50) NOT NULL,
  `deskripsi` text DEFAULT NULL
) ENGINE=InnoDB DEFAULT CHARSET=utf8mb4 COLLATE=utf8mb4_general_ci;

--
-- Dumping data for table `treatment`
--

INSERT INTO `treatment` (`kode_treatment`, `nama_treatment`, `jenis_treatment`, `deskripsi`) VALUES
('BR-1', 'Deep-Moisturizing Spa', 'Body Relaxing', 'Deep-Moisturizing Spa adalah rangkaian perawatan tubuh yang diformulasikan khusus untuk mengembalikan kelembapan alami kulit, menjadikannya lebih lembut, kenyal, dan bercahaya. Menggabungkan sentuhan spa relaksasi dengan bahan-bahan alami yang kaya nutrisi, perawatan ini cocok untuk kulit kering, kusam, atau lelah akibat paparan polusi dan aktivitas harian. Setiap varian memiliki manfaat unik dan aroma khas yang menenangkan, menjadikan pengalaman spa lebih personal dan menyegarkan.'),
('BR-2', 'Relaxing Body Spa', 'Body Relaxing', 'Relaxing Body Spa adalah rangkaian perawatan tubuh yang dirancang khusus untuk memberikan relaksasi mendalam sekaligus menyegarkan kulit dan pikiran. Dengan kombinasi bahan alami yang menenangkan dan aroma terapi yang memikat, treatment ini membantu menghilangkan stres, mengendurkan otot-otot tegang, serta memberikan sensasi nyaman yang membuat Anda merasa rileks dan segar kembali. Cocok untuk siapa saja yang membutuhkan waktu me-time berkualitas dengan sentuhan perawatan yang memanjakan seluruh tubuh.'),
('BR-3', 'Antioxidant Spa', 'Body Relaxing', 'Antioxidant Spa adalah rangkaian perawatan tubuh yang diformulasikan khusus untuk melindungi dan merevitalisasi kulit dari kerusakan akibat radikal bebas dan polusi lingkungan. Dengan kandungan antioksidan tinggi dari bahan-bahan alami pilihan, perawatan ini membantu memperlambat proses penuaan kulit, meningkatkan regenerasi sel, dan menjaga kulit tetap sehat, kenyal, serta bercahaya. Cocok untuk Anda yang ingin mendapatkan perlindungan sekaligus peremajaan kulit secara menyeluruh.'),
('BR-4', 'Brightening Spa', 'Body Relaxing', 'Brightening Spa adalah rangkaian perawatan tubuh yang dirancang khusus untuk mencerahkan dan meratakan warna kulit secara alami. Dengan formula yang mengandung bahan-bahan pencerah dan nutrisi kulit terbaik, treatment ini membantu mengurangi noda hitam, bekas luka, serta kulit kusam agar tampak lebih cerah, halus, dan bercahaya. Ideal untuk Anda yang menginginkan kulit tubuh tampak lebih segar, cerah, dan sehat dengan sentuhan perawatan spa yang menenangkan.'),
('BT-1', 'Body Slimming', 'Body Treatments', 'Body Slimming merupakan rangkaian perawatan tubuh yang dirancang secara khusus untuk membantu mengurangi lemak di area tubuh tertentu seperti perut, paha, dan lengan. Perawatan ini mengombinasikan teknologi modern dan metode non-invasif yang efektif dalam mempercepat proses pembakaran lemak, mengencangkan kulit, serta membentuk kontur tubuh yang lebih ideal.'),
('BT-2', 'Body Firming', 'Body Treatments', 'Body Firming adalah perawatan tubuh yang memanfaatkan teknologi Radio Frequency (RF) untuk membantu mengencangkan kulit dan mengurangi tampilan stretch mark, khususnya pada area tubuh seperti perut dan paha. Terapi ini bekerja dengan menghantarkan energi panas ke lapisan dalam kulit, yang merangsang produksi kolagen dan elastin secara alami.'),
('FT-1', 'Fruit Facial', 'Face Treatments', 'Fruit Facial adalah perawatan wajah yang menggunakan ekstrak buah-buahan alami yang kaya akan vitamin, antioksidan, dan enzim yang bermanfaat untuk kesehatan kulit. Kandungan alami dari buah-buahan membantu meregenerasi sel kulit, mencerahkan wajah secara alami, serta mengatasi berbagai permasalahan kulit seperti kusam, kering, dan berjerawat. Selain menutrisi kulit secara mendalam, Fruit Facial juga berperan sebagai detoksifikasi alami yang membantu mengangkat kotoran dan sel kulit mati tanpa menimbulkan iritasi. Dengan bahan-bahan yang aman dan bebas bahan kimia keras, Fruit Facial menjadi solusi perawatan kulit yang lembut, menyegarkan, dan efektif memberikan hasil yang langsung terasa dan terlihat.'),
('FT-10', 'Glowing Facial', 'Face Treatments', 'Glowing Facial merupakan rangkaian perawatan wajah yang dirancang khusus untuk memberikan efek kulit cerah, bercahaya, dan sehat secara alami. Perawatan ini menggabungkan berbagai metode pencerahan kulit seperti Gold Facial, Silver Facial, Romantic Radiance Rose Facial, hingga teknologi modern seperti Bio Pigmentation Light Therapy, Mesotherapy Brightening Facial, dan Jet Peel Facial. Dengan kombinasi teknologi dan bahan aktif alami, Glowing Facial membantu mengatasi kulit kusam, hiperpigmentasi, serta merangsang regenerasi sel kulit untuk menghasilkan tampilan wajah yang lebih segar, cerah merata, dan glowing dari dalam.'),
('FT-2', 'Anti Acne Facial', 'Face Treatments', 'Anti Acne Facial adalah perawatan wajah yang dirancang khusus untuk mengatasi jerawat dan mencegah timbulnya kembali. Menggunakan kombinasi bahan aktif seperti antibakteri alami, anti-inflamasi, dan pengontrol minyak berlebih, perawatan ini bekerja secara menyeluruh untuk membersihkan pori-pori, mengurangi kemerahan, dan menenangkan peradangan pada kulit. Anti Acne Facial juga membantu mempercepat proses penyembuhan kulit serta mengurangi risiko bekas jerawat. Tanpa bahan keras yang dapat mengiritasi, perawatan ini aman untuk kulit sensitif dan memberikan hasil yang lebih bersih, sehat, dan bebas jerawat secara bertahap namun efektif.'),
('FT-3', 'Moisturizing Facial', 'Face Treatments', 'Moisturizing Facial adalah perawatan wajah yang difokuskan untuk mengembalikan dan menjaga kelembapan alami kulit. Menggunakan formula yang kaya akan bahan-bahan hidrasi seperti hyaluronic acid, aloe vera, dan ekstrak tumbuhan alami, perawatan ini bekerja menutrisi kulit secara mendalam, melembutkan tekstur kulit, serta mengurangi tampilan garis halus akibat kekeringan. Moisturizing Facial sangat cocok untuk kulit kering, dehidrasi, maupun sensitif, karena memberikan efek menenangkan sekaligus menyegarkan. Dengan hasil yang langsung terasa, kulit tampak lebih kenyal, lembap, dan bercahaya secara alami.'),
('FT-4', 'Bio Light Therapy', 'Face Treatments', 'Bio Light Therapy adalah terapi dengan menggunakan sinar yang difilter untuk menghasilkan panjang gelombang tertentu dan menghasilkan warna-warna spesifik yang berguna untuk mengatasi masalah kulit yang berbeda-beda. Light Therapydiciptakan oleh NASA dan sudah disetujui oleh FDA untuk keamanannya. Light Therapy tidak sama dengan UV Light matahari. Light Therapy tidak mendandung UVA dan UVB yang dapat merusak kulit, sehingga Light Therapy merupakan terobosan baru anti-aging therapy yang aman, tanpa rasa sakit, dan langsung terlihat hasilnya.'),
('FT-5', 'High Technology Treatment', 'Face Treatments', 'High Technology Treatment adalah rangkaian perawatan kulit modern yang memanfaatkan teknologi canggih untuk mengatasi berbagai permasalahan kulit secara lebih efektif dan presisi. Perawatan ini meliputi prosedur seperti Pulsed Oxygen Injection, Jet Peel Facial, Microdermabrasion, Radio Frequency, Mesotherapy Without Needle, IPL, dan Nano Fractional. Masing-masing teknologi dirancang untuk menargetkan lapisan kulit tertentu guna merangsang regenerasi sel, memperbaiki tekstur kulit, mengurangi tanda-tanda penuaan, serta mencerahkan dan mengencangkan kulit tanpa rasa sakit dan tanpa downtime. Dengan teknologi non-invasif yang telah terbukti secara klinis, High Technology Treatment menawarkan solusi perawatan kulit yang aman, nyaman, dan memberikan hasil nyata dalam waktu singkat.'),
('FT-6', 'Organic Facial', 'Face Treatments', 'Organic Facial adalah perawatan wajah yang menggunakan bahan-bahan alami dan organik untuk menutrisi kulit secara lembut dan aman. Diformulasikan tanpa bahan kimia sintetis, perawatan ini cocok untuk semua jenis kulit, termasuk kulit sensitif. Menggunakan bahan seperti madu, cokelat hitam, mawar, dan kurma, Organic Facial membantu menghidrasi, menenangkan, serta merevitalisasi kulit secara alami. Kandungan antioksidan tinggi dalam bahan-bahan organik ini juga efektif melawan radikal bebas yang mempercepat penuaan. Dengan pendekatan yang alami dan menyegarkan, Organic Facial adalah pilihan ideal bagi Anda yang menginginkan perawatan kulit yang sehat, ramah lingkungan, dan menenangkan.'),
('FT-7', '02 Bubble Mask Facial', 'Face Treatments', 'Treatment O2 Bubble Mask adalah facial yang menggunakan 100% buah cacah asli disinergikan dengan masker gelembung oksigen (O2) yang mempunyai kaya manfaat.'),
('FT-8', 'Combination Treatment', 'Face Treatments', 'Combination Treatment adalah perawatan wajah eksklusif yang menggabungkan berbagai metode dan bahan aktif berkualitas untuk memberikan hasil yang lebih menyeluruh dan optimal. Setiap rangkaian seperti Super Bio, Silver Bio, Gold Bio, dan Collagen Bio dirancang dengan kombinasi teknologi perawatan kulit dan formula bioaktif yang menargetkan kebutuhan spesifik kulit, mulai dari regenerasi sel, anti-aging, pencerahan, hingga peningkatan elastisitas. Perawatan ini ideal bagi Anda yang menginginkan solusi perawatan yang lebih lengkap dan intensif, dengan hasil yang terasa sejak perawatan pertama. Combination Treatment menghadirkan sinergi sempurna antara sains dan bahan aktif unggulan untuk kulit yang lebih sehat, cerah, dan tampak muda.'),
('FT-9', 'Anti Wrinkle Facial', 'Face Treatments', 'Anti Wrinkle Facial adalah rangkaian perawatan yang diformulasikan secara khusus untuk mengatasi tanda-tanda penuaan dini seperti garis halus, kerutan, dan kulit yang mulai kehilangan kekenyalannya. Dengan kombinasi teknologi modern seperti terapi cahaya (Bio Rejuvenation Light Therapy), infusi kolagen aktif (Collagen Facial), dan stimulasi regenerasi kulit (Mesotherapy Lifting Facial), perawatan ini membantu mempercepat pembaruan sel kulit, meningkatkan produksi kolagen alami, serta memberikan efek lifting dan mengencangkan secara bertahap.'),
('HT-1', 'Medical Hair Treatment', 'Hair Treatments', 'Medical Hair Treatment adalah perawatan rambut intensif yang menggabungkan bahan-bahan alami dan aromaterapi dengan teknologi modern untuk mengatasi berbagai permasalahan rambut dan kulit kepala. Perawatan ini dirancang tidak hanya untuk memberikan relaksasi, tetapi juga manfaat terapeutik yang menyeluruh, mulai dari menstimulasi sirkulasi darah, memperkuat akar rambut, hingga mendukung pertumbuhan rambut yang lebih sehat dan kuat. Tersedia berbagai jenis Hair Spa yang dapat disesuaikan dengan kebutuhan dan kondisi kulit kepala, seperti varian Classics yang diformulasikan khusus untuk rambut kering, normal, berminyak, dan berketombe. Dengan pendekatan yang personal dan efektif, Medical Hair Treatment menjadi solusi ideal untuk menjaga kesehatan rambut dan kulit kepala secara alami dan menyeluruh.'),
('HT-2', 'Fruit Medical Hair Treatment', 'Hair Treatments', 'Fruit Medical Hair Treatment adalah perawatan rambut intensif yang memadukan kebaikan ekstrak buah-buahan alami dan aromaterapi dengan teknologi modern untuk menutrisi dan menyegarkan kulit kepala serta rambut secara menyeluruh. Diperkaya dengan vitamin, antioksidan, dan enzim dari buah-buahan segar seperti alpukat, kiwi, apel, dan stroberi, perawatan ini membantu menghidrasi rambut, mengurangi kerontokan, memperkuat akar, serta memberikan kilau alami pada helaian rambut. Dengan efek relaksasi dari aromaterapi dan stimulasi alat modern, Fruit Medical Hair Treatment tak hanya menyegarkan pikiran, tetapi juga memberikan manfaat terapeutik untuk pertumbuhan rambut yang lebih sehat dan kuat.'),
('HT-3', 'Medical Hair Mask', 'Hair Treatments', 'Medical Hair Mask adalah perawatan intensif untuk rambut dan kulit kepala yang menggunakan kombinasi bahan-bahan alami berkualitas tinggi dan aromaterapi yang menenangkan, serta didukung oleh penggunaan peralatan modern. Perawatan ini dirancang untuk memberikan nutrisi mendalam ke batang rambut dan akar, membantu mengembalikan vitalitas rambut yang rusak akibat paparan panas, polusi, atau bahan kimia. Kandungan alami dalam masker bekerja menyehatkan kulit kepala, mengurangi kekeringan, serta memberikan kelembapan dan kelembutan ekstra pada rambut, menjadikannya lebih halus, mudah diatur, dan tampak berkilau alami. Medical Hair Mask merupakan solusi ideal bagi Anda yang menginginkan perawatan rambut menyeluruh yang tidak hanya merawat, tetapi juga memanjakan indra melalui sensasi relaksasi dari aromaterapi.'),
('HT-4', 'Waxing', 'Hair Treatments', 'Waxing adalah terapi perawatan kulit yang bertujuan untuk menghilangkan bulu secara efektif di area tubuh seperti tangan, ketiak, maupun kaki. Proses ini tidak hanya membantu menciptakan tampilan kulit yang lebih bersih dan halus, tetapi juga memperlambat pertumbuhan bulu baru dibandingkan dengan metode pencukuran biasa. Waxing tersedia dalam dua varian, yaitu wax roll yang dirancang khusus untuk jenis rambut yang lebih halus dan tipis, memberikan pengalaman yang lebih lembut dan nyaman, serta wax strip yang lebih kuat dan efektif untuk mengangkat rambut yang lebih tebal dan kasar. Dengan teknik yang tepat dan bahan wax berkualitas, perawatan ini tidak hanya memberikan hasil yang tahan lama, tetapi juga membantu mengeksfoliasi kulit, menjadikannya terasa lebih lembut dan cerah. Waxing cocok bagi Anda yang menginginkan solusi praktis dan tahan lama untuk menjaga kebersihan dan penampilan kulit.');

-- --------------------------------------------------------

--
-- Table structure for table `users`
--

CREATE TABLE `users` (
  `id` int(11) NOT NULL,
  `name` varchar(100) NOT NULL,
  `email` varchar(100) NOT NULL,
  `password` varchar(255) NOT NULL,
  `photo` varchar(255) DEFAULT NULL,
  `created_at` timestamp NOT NULL DEFAULT current_timestamp()
) ENGINE=InnoDB DEFAULT CHARSET=utf8mb4 COLLATE=utf8mb4_general_ci;

--
-- Dumping data for table `users`
--

INSERT INTO `users` (`id`, `name`, `email`, `password`, `photo`, `created_at`) VALUES
(2, 'coba', 'coba@gmail.com', '$2b$10$PMDHRLFo0qtl29Fp1s6FtOAi3tYUai.tCLAIZx5AEWWFkvZJt3BkW', NULL, '2025-06-03 21:27:26'),
(3, 'hayo1234', 'hayo@gmail.com', '$2b$10$NdKaw/JxPWD4ODQS7WaMjuiwFo/TBwPyGOtv2KdIqOL4EGDuYFvLm', '/uploads/6a72d4d134fe95b51367f17f9ed75bd4', '2025-06-05 17:14:16');

--
-- Indexes for dumped tables
--

--
-- Indexes for table `detail_transaksi`
--
ALTER TABLE `detail_transaksi`
  ADD PRIMARY KEY (`id_detail`),
  ADD KEY `id_transaksi` (`id_transaksi`),
  ADD KEY `id_produk` (`id_produk`);

--
-- Indexes for table `produk`
--
ALTER TABLE `produk`
  ADD PRIMARY KEY (`id`);

--
-- Indexes for table `reservasi`
--
ALTER TABLE `reservasi`
  ADD PRIMARY KEY (`id_reservasi`),
  ADD KEY `id_tipe_treatment` (`id_tipe_treatment`);

--
-- Indexes for table `tipe_treatment`
--
ALTER TABLE `tipe_treatment`
  ADD PRIMARY KEY (`id_tipe_treatment`),
  ADD KEY `kode_treatment` (`kode_treatment`);

--
-- Indexes for table `transaksi`
--
ALTER TABLE `transaksi`
  ADD PRIMARY KEY (`id_transaksi`);

--
-- Indexes for table `treatment`
--
ALTER TABLE `treatment`
  ADD PRIMARY KEY (`kode_treatment`);

--
-- Indexes for table `users`
--
ALTER TABLE `users`
  ADD PRIMARY KEY (`id`),
  ADD UNIQUE KEY `email` (`email`);

--
-- AUTO_INCREMENT for dumped tables
--

--
-- AUTO_INCREMENT for table `detail_transaksi`
--
ALTER TABLE `detail_transaksi`
  MODIFY `id_detail` int(11) NOT NULL AUTO_INCREMENT, AUTO_INCREMENT=4;

--
-- AUTO_INCREMENT for table `produk`
--
ALTER TABLE `produk`
  MODIFY `id` int(11) NOT NULL AUTO_INCREMENT, AUTO_INCREMENT=85;

--
-- AUTO_INCREMENT for table `reservasi`
--
ALTER TABLE `reservasi`
  MODIFY `id_reservasi` int(11) NOT NULL AUTO_INCREMENT, AUTO_INCREMENT=2;

--
-- AUTO_INCREMENT for table `tipe_treatment`
--
ALTER TABLE `tipe_treatment`
  MODIFY `id_tipe_treatment` int(11) NOT NULL AUTO_INCREMENT, AUTO_INCREMENT=93;

--
-- AUTO_INCREMENT for table `transaksi`
--
ALTER TABLE `transaksi`
  MODIFY `id_transaksi` int(11) NOT NULL AUTO_INCREMENT, AUTO_INCREMENT=8;

--
-- AUTO_INCREMENT for table `users`
--
ALTER TABLE `users`
  MODIFY `id` int(11) NOT NULL AUTO_INCREMENT, AUTO_INCREMENT=4;

--
-- Constraints for dumped tables
--

--
-- Constraints for table `detail_transaksi`
--
ALTER TABLE `detail_transaksi`
  ADD CONSTRAINT `detail_transaksi_ibfk_1` FOREIGN KEY (`id_transaksi`) REFERENCES `transaksi` (`id_transaksi`) ON DELETE CASCADE,
  ADD CONSTRAINT `detail_transaksi_ibfk_2` FOREIGN KEY (`id_produk`) REFERENCES `produk` (`id`);

--
-- Constraints for table `reservasi`
--
ALTER TABLE `reservasi`
  ADD CONSTRAINT `reservasi_ibfk_1` FOREIGN KEY (`id_tipe_treatment`) REFERENCES `tipe_treatment` (`id_tipe_treatment`);

--
-- Constraints for table `tipe_treatment`
--
ALTER TABLE `tipe_treatment`
  ADD CONSTRAINT `tipe_treatment_ibfk_1` FOREIGN KEY (`kode_treatment`) REFERENCES `treatment` (`kode_treatment`);
COMMIT;

/*!40101 SET CHARACTER_SET_CLIENT=@OLD_CHARACTER_SET_CLIENT */;
/*!40101 SET CHARACTER_SET_RESULTS=@OLD_CHARACTER_SET_RESULTS */;
/*!40101 SET COLLATION_CONNECTION=@OLD_COLLATION_CONNECTION */;
